"id","caseNo","date","title"
"623711","2025다215725","2026.07.09","System.Xml.XmlElement"
"623839","2023다290355","2026.07.09","System.Xml.XmlElement"
"623013","2026다201494","2026.06.25","System.Xml.XmlElement"
"622983","2025다215010","2026.06.25","System.Xml.XmlElement"
"622961","2025다220404","2026.06.25","System.Xml.XmlElement"
"622945","2026다200335","2026.06.25","System.Xml.XmlElement"
"622969","2025다219693","2026.06.25","System.Xml.XmlElement"
"622919","2026다201948","2026.06.25","System.Xml.XmlElement"
"623015","2025다219742","2026.06.24","System.Xml.XmlElement"
"623011","2024다260146","2026.06.24","System.Xml.XmlElement"
"622971","2026다201978","2026.06.24","System.Xml.XmlElement"
"622917","2024다320215","2026.06.24","System.Xml.XmlElement"
"623025","2025다221009","2026.06.11","System.Xml.XmlElement"
"623067","2026다201517","2026.06.05","System.Xml.XmlElement"
"622259","2025다219520","2026.05.29","System.Xml.XmlElement"
"622261","2024다208261","2026.05.29","System.Xml.XmlElement"
"622247","2026다200365","2026.05.29","System.Xml.XmlElement"
"622111","2018다296229","2026.05.21","System.Xml.XmlElement"
"622253","2023다287663","2026.05.20","System.Xml.XmlElement"
"622255","2025다210073","2026.05.20","System.Xml.XmlElement"
"621979","2025다211405","2026.05.14","System.Xml.XmlElement"
"621987","2023다228244","2026.05.14","System.Xml.XmlElement"
"621899","2025다220815","2026.05.14","System.Xml.XmlElement"
"621995","2026다200867","2026.05.14","System.Xml.XmlElement"
"621909","2025다202901","2026.05.14","System.Xml.XmlElement"
"621985","2025다220651","2026.05.08","System.Xml.XmlElement"
"621907","2026다200201","2026.05.08","System.Xml.XmlElement"
"621911","2025다220329","2026.05.08","System.Xml.XmlElement"
"621897","2025다220761","2026.05.08","System.Xml.XmlElement"
"621989","2024다321829","2026.05.08","System.Xml.XmlElement"
"621973","2025다220617","2026.05.08","System.Xml.XmlElement"
"620421","2024다222212","2026.04.30","System.Xml.XmlElement"
"620451","2025다217580","2026.04.30","System.Xml.XmlElement"
"620415","2025다210837","2026.04.30","System.Xml.XmlElement"
"620455","2025다220178","2026.04.30","System.Xml.XmlElement"
"620425","2025다219757","2026.04.30","System.Xml.XmlElement"
"620463","2023다295978","2026.04.30","System.Xml.XmlElement"
"620453","2023다216388","2026.04.30","System.Xml.XmlElement"
"620411","2025다213488","2026.04.30","System.Xml.XmlElement"
"620419","2025다220458","2026.04.30","System.Xml.XmlElement"
"619501","2025다220131","2026.04.16","System.Xml.XmlElement"
"619471","2025다220034","2026.04.16","System.Xml.XmlElement"
"619453","2022다225606","2026.04.16","System.Xml.XmlElement"
"619461","2025다220126","2026.04.16","System.Xml.XmlElement"
"619427","2025다210218","2026.04.09","System.Xml.XmlElement"
"619451","2023다307116","2026.04.09","System.Xml.XmlElement"
"619445","2024다324972","2026.04.09","System.Xml.XmlElement"
"619429","2025다211106","2026.04.09","System.Xml.XmlElement"
"618697","2025다219495","2026.04.02","System.Xml.XmlElement"
"618667","2024다309430","2026.04.02","System.Xml.XmlElement"
"618665","2023다267355","2026.04.02","System.Xml.XmlElement"
"618695","2025다211789","2026.04.02","System.Xml.XmlElement"
"618699","2025다218671","2026.04.02","System.Xml.XmlElement"
"618705","2025다219931","2026.04.02","System.Xml.XmlElement"
"618663","2024다221141","2026.04.02","System.Xml.XmlElement"
"618693","2025다214169","2026.04.02","System.Xml.XmlElement"
"618661","2025다219649","2026.04.02","System.Xml.XmlElement"
"618507","2023다255130","2026.03.12","System.Xml.XmlElement"
"618479","2025다207326","2026.03.12","System.Xml.XmlElement"
"618511","2025다214123","2026.03.12","System.Xml.XmlElement"
"618543","2020다288436","2026.03.12","System.Xml.XmlElement"
"618541","2025다217707","2026.03.12","System.Xml.XmlElement"
"618533","2025다217883","2026.03.12","System.Xml.XmlElement"
"618549","2024다297254","2026.03.12","System.Xml.XmlElement"
"618179","2025다215255","2026.02.26","System.Xml.XmlElement"
"618185","2025다210305","2026.02.26","System.Xml.XmlElement"
"618133","2025다215212","2026.02.26","System.Xml.XmlElement"
"618205","2025다213795","2026.02.26","System.Xml.XmlElement"
"618199","2024다311181","2026.02.26","System.Xml.XmlElement"
"618165","2023다280945","2026.02.26","System.Xml.XmlElement"
"618229","2025다213906","2026.02.26","System.Xml.XmlElement"
"618155","2024다228661","2026.02.26","System.Xml.XmlElement"
"618075","2025다218465","2026.02.26","System.Xml.XmlElement"
"616709","2024다229053","2026.02.12","System.Xml.XmlElement"
"617163","2022다284711","2026.02.12","System.Xml.XmlElement"
"617161","2024다295135","2026.02.12","System.Xml.XmlElement"
"617157","2023다285438","2026.02.12","System.Xml.XmlElement"
"617151","2025다212052","2026.02.12","System.Xml.XmlElement"
"617169","2023다249449","2026.02.12","System.Xml.XmlElement"
"617165","2025다217253","2026.02.12","System.Xml.XmlElement"
"616235","2024다236327","2026.01.29","System.Xml.XmlElement"
"616587","2021다248299","2026.01.29","System.Xml.XmlElement"
"616497","2024다203655","2026.01.29","System.Xml.XmlElement"
"616249","2022다287284","2026.01.29","System.Xml.XmlElement"
"616543","2025다218322","2026.01.29","System.Xml.XmlElement"
"616519","2023다316387","2026.01.29","System.Xml.XmlElement"
"616517","2025다217179","2026.01.29","System.Xml.XmlElement"
"616575","2022다255454","2026.01.29","System.Xml.XmlElement"
"616515","2024다292464","2026.01.29","System.Xml.XmlElement"
"616527","2023다285162","2026.01.22","System.Xml.XmlElement"
"616499","2022다214040","2026.01.22","System.Xml.XmlElement"
"615963","2024다294033","2026.01.15","System.Xml.XmlElement"
"616017","2024다275070","2026.01.15","System.Xml.XmlElement"
"615767","2025다213466","2026.01.08","System.Xml.XmlElement"
"615973","2025다211537","2026.01.08","System.Xml.XmlElement"
"615971","2025다211003","2026.01.08","System.Xml.XmlElement"
"616029","2025다209990","2026.01.08","System.Xml.XmlElement"
"615947","2022다233713","2026.01.08","System.Xml.XmlElement"
"615951","2025다210092","2026.01.08","System.Xml.XmlElement"
"615953","2025다213608","2026.01.08","System.Xml.XmlElement"
"615667","2025다216444","2025.12.24","System.Xml.XmlElement"
"614373","2021다248190","2025.12.11","System.Xml.XmlElement"
"614049","2025다216025","2025.12.11","System.Xml.XmlElement"
"614385","2023다239756","2025.12.11","System.Xml.XmlElement"
"614387","2025다214605","2025.12.11","System.Xml.XmlElement"
"614333","2023다261302","2025.12.11","System.Xml.XmlElement"
"614371","2025다211430","2025.12.11","System.Xml.XmlElement"
"614341","2025다212863","2025.12.11","System.Xml.XmlElement"
"613261","2025다213134","2025.12.04","System.Xml.XmlElement"
"613237","2023다271798","2025.12.04","System.Xml.XmlElement"
"623049","2024다281297","2025.12.04","System.Xml.XmlElement"
"623247","2025다211354","2025.12.04","System.Xml.XmlElement"
"613239","2024다228630","2025.12.04","System.Xml.XmlElement"
"613167","2024다305087","2025.12.04","System.Xml.XmlElement"
"623091","2025다216430","2025.12.04","System.Xml.XmlElement"
"613235","2023다311184","2025.12.04","System.Xml.XmlElement"
"613207","2022다299829","2025.12.04","System.Xml.XmlElement"
"613241","2023다306885","2025.12.04","System.Xml.XmlElement"
"623183","2025다214761","2025.12.04","System.Xml.XmlElement"
"613169","2024다283668","2025.12.04","System.Xml.XmlElement"
"613189","2025다211379","2025.12.04","System.Xml.XmlElement"
"613177","2023다209984","2025.11.20","System.Xml.XmlElement"
"613181","2024다324200","2025.11.20","System.Xml.XmlElement"
"613161","2024다305605","2025.11.20","System.Xml.XmlElement"
"613195","2025다211190","2025.11.20","System.Xml.XmlElement"
"613253","2025다209941","2025.11.20","System.Xml.XmlElement"
"613219","2025다210104","2025.11.20","System.Xml.XmlElement"
"623167","2025다213717","2025.11.20","System.Xml.XmlElement"
"622063","2024다237108","2025.11.13","System.Xml.XmlElement"
"622005","2025다210805","2025.11.13","System.Xml.XmlElement"
"613077","2024다298448","2025.11.13","System.Xml.XmlElement"
"622091","2025다210806","2025.11.13","System.Xml.XmlElement"
"613063","2022다240681","2025.11.13","System.Xml.XmlElement"
"613079","2024다293016","2025.11.13","System.Xml.XmlElement"
"613051","2025다211111","2025.11.13","System.Xml.XmlElement"
"622055","2024다292525","2025.11.13","System.Xml.XmlElement"
"622059","2022다240728","2025.11.13","System.Xml.XmlElement"
"622095","2025다210098","2025.11.13","System.Xml.XmlElement"
"622093","2025다213651","2025.11.06","System.Xml.XmlElement"
"613057","2024다272835","2025.11.06","System.Xml.XmlElement"
"622071","2024다229794","2025.11.06","System.Xml.XmlElement"
"622065","2024다225242","2025.11.06","System.Xml.XmlElement"
"622009","2024다225976","2025.11.06","System.Xml.XmlElement"
"612991","2021다225074","2025.10.30","System.Xml.XmlElement"
"618153","2025다212519","2025.10.30","System.Xml.XmlElement"
"618181","2025다213495","2025.10.30","System.Xml.XmlElement"
"618189","2023다206091","2025.10.30","System.Xml.XmlElement"
"612985","2025다212444","2025.10.30","System.Xml.XmlElement"
"618217","2025다213919","2025.10.30","System.Xml.XmlElement"
"612987","2021다252977","2025.10.23","System.Xml.XmlElement"
"618211","2025다211583","2025.10.16","System.Xml.XmlElement"
"612877","2024다221042","2025.10.16","System.Xml.XmlElement"
"618143","2022다308747","2025.10.16","System.Xml.XmlElement"
"612855","2020다225848","2025.10.16","System.Xml.XmlElement"
"618203","2025다213214","2025.10.16","System.Xml.XmlElement"
"612861","2025다204730","2025.10.16","System.Xml.XmlElement"
"618163","2025다214630","2025.10.16","System.Xml.XmlElement"
"612843","2025다211105","2025.10.16","System.Xml.XmlElement"
"618147","2023다203221","2025.10.16","System.Xml.XmlElement"
"612853","2019다236385","2025.10.16","System.Xml.XmlElement"
"618173","2024다314227","2025.10.16","System.Xml.XmlElement"
"612857","2023다226170","2025.10.16","System.Xml.XmlElement"
"618197","2025다213724","2025.10.16","System.Xml.XmlElement"
"612849","2024다215955","2025.10.16","System.Xml.XmlElement"
"612847","2022다225897","2025.10.16","System.Xml.XmlElement"
"612871","2025다212847","2025.10.16","System.Xml.XmlElement"
"612859","2022다212044","2025.10.16","System.Xml.XmlElement"
"612867","2025다213056","2025.10.16","System.Xml.XmlElement"
"618087","2025다211931","2025.09.26","System.Xml.XmlElement"
"618141","2024다308970","2025.09.26","System.Xml.XmlElement"
"618089","2025다211711","2025.09.26","System.Xml.XmlElement"
"618157","2025다207883","2025.09.26","System.Xml.XmlElement"
"609579","2022다276369","2025.09.26","System.Xml.XmlElement"
"618149","2022다309344","2025.09.26","System.Xml.XmlElement"
"618223","2023다209106","2025.09.26","System.Xml.XmlElement"
"609607","2024다321232","2025.09.26","System.Xml.XmlElement"
"609597","2024다207923","2025.09.25","System.Xml.XmlElement"
"613215","2024다286933","2025.09.25","System.Xml.XmlElement"
"618137","2021다218755","2025.09.25","System.Xml.XmlElement"
"618145","2024다320796","2025.09.25","System.Xml.XmlElement"
"618193","2025다209886","2025.09.25","System.Xml.XmlElement"
"618215","2025다213314","2025.09.25","System.Xml.XmlElement"
"609581","2024다254387","2025.09.25","System.Xml.XmlElement"
"618201","2025다212302","2025.09.25","System.Xml.XmlElement"
"609583","2025다212005","2025.09.25","System.Xml.XmlElement"
"609571","2025다213846","2025.09.25","System.Xml.XmlElement"
"618171","2025다213347","2025.09.25","System.Xml.XmlElement"
"618135","2025다212495","2025.09.25","System.Xml.XmlElement"
"618209","2024다294156","2025.09.25","System.Xml.XmlElement"
"609591","2025다212464","2025.09.25","System.Xml.XmlElement"
"609611","2025다212804","2025.09.25","System.Xml.XmlElement"
"618139","2025다212890","2025.09.25","System.Xml.XmlElement"
"609489","2023다221885","2025.09.18","System.Xml.XmlElement"
"618183","2025다210915","2025.09.11","System.Xml.XmlElement"
"618207","2025다211378","2025.09.11","System.Xml.XmlElement"
"609481","2022다283633","2025.09.11","System.Xml.XmlElement"
"618219","2021다248893","2025.09.11","System.Xml.XmlElement"
"618191","2022다248746","2025.09.11","System.Xml.XmlElement"
"609517","2025다211120","2025.09.11","System.Xml.XmlElement"
"618081","2025다212423","2025.09.11","System.Xml.XmlElement"
"618187","2025다207128","2025.09.11","System.Xml.XmlElement"
"609521","2025다212338","2025.09.11","System.Xml.XmlElement"
"618221","2019다273803","2025.09.11","System.Xml.XmlElement"
"618131","2025다208275","2025.09.11","System.Xml.XmlElement"
"618151","2024다297278","2025.09.11","System.Xml.XmlElement"
"618079","2025다205757","2025.09.11","System.Xml.XmlElement"
"609461","2024다284418","2025.09.11","System.Xml.XmlElement"
"618167","2022다283602","2025.09.11","System.Xml.XmlElement"
"615701","2023다297400","2025.09.04","System.Xml.XmlElement"
"615679","2025다209756","2025.09.04","System.Xml.XmlElement"
"615657","2022다277607","2025.09.04","System.Xml.XmlElement"
"615675","2024다306820","2025.09.04","System.Xml.XmlElement"
"615691","2025다213167","2025.09.04","System.Xml.XmlElement"
"615659","2025다211196","2025.09.04","System.Xml.XmlElement"
"615663","2024다306721","2025.09.04","System.Xml.XmlElement"
"615641","2024다296329","2025.09.04","System.Xml.XmlElement"
"615651","2024다326022","2025.08.28","System.Xml.XmlElement"
"615609","2025다211475","2025.08.28","System.Xml.XmlElement"
"615695","2020다219454","2025.08.28","System.Xml.XmlElement"
"615645","2023다207834","2025.08.28","System.Xml.XmlElement"
"615653","2025다210535","2025.08.14","System.Xml.XmlElement"
"615607","2025다209930","2025.08.14","System.Xml.XmlElement"
"615661","2025다211505","2025.08.14","System.Xml.XmlElement"
"615677","2024다228449","2025.08.14","System.Xml.XmlElement"
"608455","2025다212297","2025.08.14","System.Xml.XmlElement"
"608469","2024다305384","2025.08.14","System.Xml.XmlElement"
"615699","2024다227606","2025.08.14","System.Xml.XmlElement"
"608481","2024다270860","2025.08.14","System.Xml.XmlElement"
"608433","2023다316363","2025.08.14","System.Xml.XmlElement"
"608527","2023다309679","2025.08.14","System.Xml.XmlElement"
"615681","2024다296213","2025.08.14","System.Xml.XmlElement"
"608445","2021다220628","2025.08.14","System.Xml.XmlElement"
"608447","2024다289680","2025.08.14","System.Xml.XmlElement"
"615697","2024다268508","2025.08.14","System.Xml.XmlElement"
"608479","2023다294180","2025.08.14","System.Xml.XmlElement"
"615673","2024다326749","2025.08.14","System.Xml.XmlElement"
"608467","2024다242223","2025.08.14","System.Xml.XmlElement"
"608529","2024다236754","2025.08.14","System.Xml.XmlElement"
"615693","2022다227114","2025.08.14","System.Xml.XmlElement"
"608535","2023다271033","2025.08.14","System.Xml.XmlElement"
"615639","2024다301832","2025.08.14","System.Xml.XmlElement"
"615685","2023다247450","2025.08.14","System.Xml.XmlElement"
"608491","2025다209932","2025.08.14","System.Xml.XmlElement"
"615643","2022다228230","2025.08.14","System.Xml.XmlElement"
"615655","2025다211608","2025.08.14","System.Xml.XmlElement"
"615683","2024다312559","2025.08.14","System.Xml.XmlElement"
"608505","2023다216777","2025.08.14","System.Xml.XmlElement"
"608507","2022다291153","2025.08.14","System.Xml.XmlElement"
"615647","2025다211273","2025.08.14","System.Xml.XmlElement"
"608419","2024다292679","2025.08.14","System.Xml.XmlElement"
"607827","2023다240299","2025.07.24","System.Xml.XmlElement"
"614315","2023다286257","2025.07.18","System.Xml.XmlElement"
"607791","2024다210554","2025.07.18","System.Xml.XmlElement"
"607843","2022다257238","2025.07.18","System.Xml.XmlElement"
"614327","2024다287080","2025.07.18","System.Xml.XmlElement"
"607833","2025다210676","2025.07.18","System.Xml.XmlElement"
"614307","2023다264530","2025.07.18","System.Xml.XmlElement"
"614321","2020다263758","2025.07.18","System.Xml.XmlElement"
"607789","2022다311736","2025.07.18","System.Xml.XmlElement"
"614313","2023다204545","2025.07.18","System.Xml.XmlElement"
"607839","2024다282498","2025.07.17","System.Xml.XmlElement"
"614309","2022다231717","2025.07.17","System.Xml.XmlElement"
"607837","2023다318420","2025.07.17","System.Xml.XmlElement"
"607785","2021다308108","2025.07.17","System.Xml.XmlElement"
"607835","2024다209783","2025.07.17","System.Xml.XmlElement"
"614039","2025다211156","2025.07.16","System.Xml.XmlElement"
"614325","2025다210870","2025.07.16","System.Xml.XmlElement"
"614319","2025다210352","2025.07.03","System.Xml.XmlElement"
"614311","2024다314845","2025.07.03","System.Xml.XmlElement"
"614329","2023다219752","2025.07.03","System.Xml.XmlElement"
"614317","2025다211151","2025.07.03","System.Xml.XmlElement"
"614323","2025다200820","2025.07.03","System.Xml.XmlElement"
"613243","2022다278501","2025.06.26","System.Xml.XmlElement"
"613179","2023다231738","2025.06.26","System.Xml.XmlElement"
"613175","2025다210788","2025.06.26","System.Xml.XmlElement"
"613251","2025다210853","2025.06.26","System.Xml.XmlElement"
"613263","2024다316391","2025.06.26","System.Xml.XmlElement"
"607301","2025다205399","2025.06.26","System.Xml.XmlElement"
"607241","2022다242649","2025.06.26","System.Xml.XmlElement"
"613217","2023다252551","2025.06.26","System.Xml.XmlElement"
"607247","2024다326541","2025.06.26","System.Xml.XmlElement"
"607231","2025다209893","2025.06.26","System.Xml.XmlElement"
"613233","2022다207141","2025.06.26","System.Xml.XmlElement"
"607205","2023다297141","2025.06.26","System.Xml.XmlElement"
"607227","2024다243592","2025.06.26","System.Xml.XmlElement"
"607297","2025다209673","2025.06.26","System.Xml.XmlElement"
"613211","2025다203058","2025.06.12","System.Xml.XmlElement"
"613185","2025다210153","2025.06.12","System.Xml.XmlElement"
"606831","2020다219577","2025.06.12","System.Xml.XmlElement"
"606827","2024다288915","2025.06.12","System.Xml.XmlElement"
"613157","2025다210307","2025.06.12","System.Xml.XmlElement"
"606819","2024다216743","2025.06.12","System.Xml.XmlElement"
"606789","2022다247378","2025.06.12","System.Xml.XmlElement"
"613163","2024다311457","2025.06.12","System.Xml.XmlElement"
"606821","2021다256696","2025.06.12","System.Xml.XmlElement"
"613255","2025다209711","2025.06.12","System.Xml.XmlElement"
"613159","2025다210005","2025.06.12","System.Xml.XmlElement"
"606813","2022다279788","2025.06.12","System.Xml.XmlElement"
"606765","2024다315527","2025.06.12","System.Xml.XmlElement"
"606817","2025다209645","2025.06.12","System.Xml.XmlElement"
