"id","caseNo","label","binary","court2","no2","id2","found2","court1","no1","id1","found1","note"
"623839","2023다290355, 290362","일부파기환송","파기","서울고법","2023나2001980","624097","True","서울중앙지방법원","2021가합577602","","False","1st:not-in-db"
"623711","2025다215725","상고기각","유지","","","","False","","","","False","no-2nd-ref"
"623013","2026다201494","전부파기환송","파기","수원지법","2025나53052","623951","True","수원지방법원 안산지원","2024가단96239","623999","True",""
"622983","2025다215010","일부파기환송","파기","서울고법","2024나2017777","623997","True","서울중앙지방법원","2022가단5394284","623949","True",""
"622969","2025다219693","전부파기환송","파기","광주고법","2024나27577","623995","True","광주지방법원","2022가합54127","623993","True",""
"622961","2025다220404","일부파기환송","파기","서울남부지법","2025나51551","623987","True","서울남부지방법원","2023가단282419","623985","True",""
"622945","2026다200335","상고기각","유지","서울중앙지법","2024나60437","623975","True","서울중앙지방법원","2023가단5463545","623973","True",""
"622919","2026다201948, 201949","일부파기환송","파기","수원지법","2024나94285","623933","True","수원지방법원","2023가단13936","623971","True",""
"623015","2025다219742","전부파기환송","파기","특허법원","2023나10150","","False","","","","False","2nd:not-in-db"
"623011","2024다260146","전부파기환송","파기","","","","False","","","","False","no-2nd-ref"
"622971","2026다201978","일부파기환송","파기","서울고법","2024나2043004","623979","True","서울남부지방법원","2024가단203277","","False","1st:not-in-db"
"622917","2024다320215","상고기각","유지","부산지법","2024나46880","623849","True","부산지방법원","2022가단352399","623931","True",""
"623025","2025다221009","일부파기환송","파기","서울고법","2024나2034109","622953","True","서울중앙지방법원","2021가합523292","622951","True",""
"623067","2026다201517","상고기각","유지","수원지법","2024나78887","622943","True","수원지방법원 평택지원","2023가단72156","622941","True",""
"622261","2024다208261","전부파기환송","파기","광주지법","2022나50242","622849","True","광주지방법원 순천지원","2019가단71735","622891","True",""
"622259","2025다219520","상고기각","유지","대구지법","2025나302562","622865","True","대구지방법원 경주지원","2024가단12685","","False","1st:not-in-db"
"622247","2026다200365","상고기각","유지","서울중앙지법","2025나8154","622837","True","서울중앙지방법원","2024가소2032356","","False","1st:not-in-db"
"622111","2018다296229","상고기각","유지","부산고법","2018나53149","622839","True","울산지방법원","2017가합20070","622853","True",""
"622255","2025다210073","상고기각","유지","서울중앙지법","2024나24325","622861","True","서울중앙지방법원","2023가단5337363","622857","True",""
"622253","2023다287663","전부파기환송","파기","서울고법","2023나2014894","622859","True","서울중앙지방법원","2022가단5058922","622845","True",""
"621995","2026다200867","상고기각","유지","부산고법","2024나55375","622283","True","부산지방법원 동부지원","2022가합104500","622369","True",""
"621987","2023다228244","전부파기환송","파기","대전지법","2022나106994","622345","True","대전지방법원","2021가소131576","","False","1st:not-in-db"
"621979","2025다211405","상고기각","유지","서울중앙지법","2023나2687","622317","True","서울중앙지방법원","2020가단5198956","","False","1st:not-in-db"
"621909","2025다202901","전부파기환송","파기","","","","False","","","","False","no-2nd-ref"
"621899","2025다220815","파기자판","파기","","","","False","","","","False","no-2nd-ref"
"621989","2024다321829","상고기각","유지","서울고법","2023나2009618","622277","True","서울중앙지방법원","2022가합517317","622359","True",""
"621985","2025다220651","상고기각","유지","서울중앙지법","2025나6013","622343","True","서울중앙지방법원","2024가단5213778","622269","True",""
"621973","2025다220617, 220618","파기자판","파기","수원고법","2025나12417","622127","True","수원지방법원","2024가단610297","622129","True",""
"621911","2025다220329","일부파기환송","파기","서울남부지법","2025나52246","622357","True","서울남부지방법원","2024가단278646","","False","1st:not-in-db"
"621907","2026다200201","상고기각","유지","대구고법","2025나10686","622353","True","대구지방법원","2022가합205804","","False","1st:not-in-db"
"621897","2025다220761","일부파기환송","파기","","","","False","","","","False","no-2nd-ref"
"620463","2023다295978","상고기각","유지","서울고법","2023나2015132","622363","True","서울중앙지방법원","2022가합546254","622365","True",""
"620455","2025다220178","일부파기환송","파기","","","","False","","","","False","no-2nd-ref"
"620453","2023다216388","일부파기환송","파기","서울고법","2021나2046163","622323","True","서울남부지방법원","2018가합113226","","False","1st:not-in-db"
"620451","2025다217580","전부파기환송","파기","수원고법","2023나25786","622319","True","수원지방법원 안양지원","2023가합100143","622321","True",""
"620425","2025다219757, 219758","일부파기환송","파기","서울고법","2019나2018004","622355","True","서울북부지방법원","2016가합24721","622121","True",""
"620421","2024다222212","상고기각","유지","서울중앙지법","2023나4119","622271","True","서울중앙지방법원","2022가단5026154","622347","True",""
"620419","2025다220458","일부파기환송","파기","대구지법","2024나328965","622341","True","대구지방법원 안동지원","2023가단156","622339","True",""
"620415","2025다210837","상고기각","유지","서울고법","2024나2029978","622315","True","서울중앙지방법원","2022가합519610","622325","True",""
"620411","2025다213488","일부파기환송","파기","대전고법","2024나14761","622297","True","대전지방법원 천안지원","2023가합101281","622295","True",""
"619501","2025다220131","파기이송","파기","창원지법","2024나115462","619567","True","창원지방법원 밀양지원","2024가단10077","","False","1st:not-in-db"
"619471","2025다220034","일부파기환송","파기","수원고법","2025나10061","619563","True","수원지방법원 성남지원","2024가단211808","619565","True",""
"619461","2025다220126","상고기각","유지","서울중앙지법","2025나5209","619551","True","서울중앙지방법원","2023가단5490134","619553","True",""
"619453","2022다225606","일부파기환송","파기","광주고법","2019나21025","619541","True","광주지방법원 순천지원","2017가합12074","","False","1st:not-in-db"
"619451","2023다307116","일부파기환송","파기","서울중앙지법","2023나14222","619531","True","서울중앙지방법원","2022가단5098326","","False","1st:not-in-db"
"619445","2024다324972","상고기각","유지","서울중앙지법","2023나64999","619557","True","서울중앙지방법원","2022가단5230250","619559","True",""
"619429","2025다211106","상고기각","유지","서울중앙지법","2024나34568","619535","True","서울중앙지방법원","2022가단5090124","619537","True",""
"619427","2025다210218","상고기각","유지","","","","False","","","","False","no-2nd-ref"
"618705","2025다219931","상고기각","유지","서울고법","2025나206327","619477","True","서울중앙지방법원","2024가합70522","619419","True",""
"618699","2025다218671","전부파기환송","파기","광주고법","2025나20009","619483","True","광주지방법원","2023가합58430","","False","1st:not-in-db"
"618697","2025다219495","상고기각","유지","수원고법","2023나20705","619493","True","수원지방법원 안양지원","2021가합101821","619387","True",""
"618695","2025다211789","전부파기환송","파기","서울중앙지법","2024나65647","619441","True","서울중앙지방법원","2023가단5494600","619327","True",""
"618693","2025다214169","전부파기환송","파기","광주고법","2024나25137","619479","True","광주지방법원","2024가합53111","619431","True",""
"618667","2024다309430","전부파기환송","파기","서울중앙지법","2023나74583","619391","True","서울중앙지방법원","2022가단5254348","619389","True",""
"618665","2023다267355","상고기각","유지","인천지법","2022나50062","619345","True","인천지방법원","2021가단229044","619351","True",""
"618663","2024다221141","상고기각","유지","서울고법","2023나2014313","619443","True","서울남부지방법원","2019가합116031","619481","True",""
"618661","2025다219649","상고기각","유지","서울고법","2025나207423","619335","True","서울중앙지방법원","2024가합70805","619371","True",""
"618549","2024다297254","전부파기환송","파기","부산지법","2023나56095","619295","True","부산지방법원","2022가단347687","","False","1st:not-in-db"
"618543","2020다288436","일부파기환송","파기","","","","False","","","","False","no-2nd-ref"
"618541","2025다217707","상고기각","유지","제주지법","2025나1051","619159","True","제주지방법원","2022가단67571","619231","True",""
"618533","2025다217883","전부파기환송","파기","인천지법","2023나83120","619221","True","인천지방법원","2023가단282407","619147","True",""
"618511","2025다214123","상고기각","유지","서울고법","2023나2058221","619303","True","서울중앙지방법원","2021가합587364","","False","1st:not-in-db"
"618507","2023다255130","상고기각","유지","서울고법","2021나2013286","619237","True","서울중앙지방법원","2017가합33129","619235","True",""
"618479","2025다207326","상고기각","유지","서울중앙지법","2023나71300","619205","True","서울중앙지방법원","2021가단5064487","619139","True",""
"618229","2025다213906","전부파기환송","파기","수원고법","2024나22197","618517","True","수원지방법원 안산지원","2023가합7598","618565","True",""
"618205","2025다213795","전부파기환송","파기","대전지법","2023재나2035","618539","True","대전지방법원 홍성지원","2012가단9836","","False","1st:not-in-db"
"618199","2024다311181","일부파기환송","파기","특허법원","2023나11283","618537","True","서울중앙지방법원","2022가합513476","","False","1st:not-in-db"
"618185","2025다210305","상고기각","유지","부산지법","2024나52151","618501","True","부산지방법원 서부지원","2023가단114053","618531","True",""
"618179","2025다215255","일부파기환송","파기","인천지법","2024나74413","618483","True","인천지방법원 부천지원","2023가단109994","618485","True",""
"618165","2023다280945","상고기각","유지","서울고법","2022나2048531","618553","True","서울중앙지방법원","2020가합581802","618551","True",""
"618155","2024다228661","전부파기환송","파기","서울고법","2023나2003078","618545","True","서울중앙지방법원","2015가합22446","618505","True",""
"618133","2025다215212","일부파기환송","파기","대구고법","2024나11642","614481","True","대구지법","2022가합203785","","False","1st:not-in-db"
"618075","2025다218465","상고기각","유지","대구고법","2025나10601","618447","True","대구지방법원 서부지원","2024가합51084","618469","True",""
"617169","2023다249449","일부파기환송","파기","부산고법","2022나52273","618281","True","부산지방법원 서부지원","2021가합101357","","False","1st:not-in-db"
"617165","2025다217253","일부파기환송","파기","서울고법","2024나2027293","618271","True","서울중앙지방법원","2023가단5217735","618243","True",""
"617163","2022다284711, 284728","상고기각","유지","광주고법","2018나24881","618241","True","광주지방법원","2017가합55560","","False","1st:not-in-db"
"617161","2024다295135","일부파기환송","파기","서울고법","2023나2040206","618267","True","서울중앙지방법원","2020가합541002","618269","True",""
"617157","2023다285438","일부파기환송","파기","울산지법","2022나16666","618263","True","울산지방법원","2021가단109980","","False","1st:court-mismatch"
"617151","2025다212052","일부파기환송","파기","광주지법","2024나80131","618237","True","광주지방법원","2024가단512927","","False","1st:not-in-db"
"616709","2024다229053, 229060","전부파기환송","파기","수원지법","2023나53379","618283","True","수원지방법원 안양지원","2021가단3821","618285","True",""
"616587","2021다248299","전부파기환송","파기","수원고법","2020나26450","617229","True","수원지방법원","2019가합19798","617257","True",""
"616575","2022다255454","일부파기환송","파기","서울중앙지법","2021나35652","617213","True","서울중앙지방법원","2020가단5094757","","False","1st:not-in-db"
"616543","2025다218322","일부파기환송","파기","서울고법","2023나2013051","617233","True","서울중앙지방법원","2019가합591124","617231","True",""
"616519","2023다316387","전부파기환송","파기","서울중앙지법","2023나21442","616717","True","서울중앙지방법원","2021가단5272769","617189","True",""
"616517","2025다217179","상고기각","유지","서울고법","2024나2048856","616719","True","서울중앙지방법원","2022가합548786","617187","True",""
"616515","2024다292464","전부파기환송","파기","부산고법","2024나50295","617193","True","부산지방법원 동부지원","2022가합103088","617191","True",""
"616497","2024다203655","전부파기환송","파기","광주지법","2022나67820","617181","True","광주지방법원 목포지원","2021가단54508","617179","True",""
"616249","2022다287284","일부파기환송","파기","수원고법","2022나12936","616723","True","수원지방법원 안산지원","2021가합7525","617203","True",""
"616235","2024다236327","전부파기환송","파기","의정부지법","2022나216153","617175","True","의정부지방법원","2021가단8736","617173","True",""
"616527","2023다285162","일부파기환송","파기","광주고법","2023나22117","617201","True","광주지방법원","2021가합62251","617199","True",""
"616499","2022다214040","파기자판","파기","대구지법","2021나311355","616711","True","대구지방법원","2020가단104573","617183","True",""
"616017","2024다275070","일부파기환송","파기","서울고법","2021나2006424","616645","True","서울중앙지방법원","2019가합545169","","False","1st:not-in-db"
"615963","2024다294033","상고기각","유지","서울고법","2022나2024467","616615","True","서울중앙지방법원","2020가합607773","","False","1st:not-in-db"
"616029","2025다209990","전부파기환송","파기","서울고법","2023나2037293","616699","True","서울동부지방법원","2023가단100309","616701","True",""
"615973","2025다211537, 211538","상고기각","유지","서울고법","2024나2016453","616627","True","서울중앙지방법원","2021가합573914","616629","True",""
"615971","2025다211003","일부파기환송","파기","부산고법","2023나57312","616617","True","부산지방법원 서부지원","2022가합101910","","False","1st:not-in-db"
"615953","2025다213608","일부파기환송","파기","서울고법","2024나2017784","616595","True","서울중앙지방법원","2023가단5114713","616597","True",""
"615951","2025다210092, 210093","전부파기환송","파기","서울고법","2024나2038088","616553","True","서울중앙지방법원","2022가합546698","616555","True",""
"615947","2022다233713","일부파기환송","파기","서울중앙지법","2021나19896","616593","True","서울중앙지방법원","2019가단5181631","616549","True",""
"615767","2025다213466","상고기각","유지","서울중앙지법","2023나65275","616601","True","서울중앙지방법원","2022가단5118602","616569","True",""
"615667","2025다216444","전부파기환송","파기","서울중앙지법","2024나70595","615833","True","서울중앙지방법원","2024가단5029447","615741","True",""
"614387","2025다214605","상고기각","유지","","","","False","","","","False","no-2nd-ref"
"614385","2023다239756","상고기각","유지","서울고법","2021나2020741","615869","True","서울중앙지방법원","2020가합520883","615871","True",""
"614373","2021다248190","일부파기환송","파기","대구고법","2018나25602","615849","True","대구지방법원 김천지원","2017가합16191","615851","True",""
"614371","2025다211430","일부파기환송","파기","의정부지법","2024나212209","615845","True","의정부지방법원","2023가소322553","","False","1st:not-in-db"
"614341","2025다212863","전부파기환송","파기","수원지법","2024나60213","615747","True","수원지방법원 용인시법원","2023가소206959","","False","1st:not-in-db"
"614333","2023다261302","상고기각","유지","전주지법","2022나6204","615827","True","전주지방법원","2021가단21458","615739","True",""
"614049","2025다216025","상고기각","유지","서울고법","2024나2034079","615843","True","서울중앙지방법원","2022가합544685","615745","True",""
"623247","2025다211354","상고기각","유지","전주지법","2024나4875","","False","","","","False","2nd:not-in-db"
"623183","2025다214761","전부파기환송","파기","부산지법","2024나55167","","False","","","","False","2nd:not-in-db"
"623091","2025다216430","파기자판","파기","부산지법","2024나55921","","False","","","","False","2nd:not-in-db"
"623049","2024다281297","전부파기환송","파기","서울중앙지법","2023나63231","","False","","","","False","2nd:not-in-db"
"613261","2025다213134","상고기각","유지","서울고법","2020나2027066","614471","True","서울중앙지방법원","2018가합520088","614469","True",""
"613241","2023다306885","전부파기환송","파기","광주지법","2023나76142","614447","True","광주지방법원","2022가단531689","","False","1st:not-in-db"
"613239","2024다228630","일부파기환송","파기","서울고법","2023나2008073","614443","True","서울중앙지방법원","2020가합536628","614445","True",""
"613237","2023다271798","일부파기환송","파기","서울중앙지법","2020나62251","614439","True","서울중앙지방법원","2015가단5386643","","False","1st:not-in-db"
"613235","2023다311184","상고기각","유지","서울남부지법","2023나55205","614441","True","서울남부지방법원","2021가소568939","","False","1st:not-in-db"
"613207","2022다299829","일부파기환송","파기","서울고법","2021나2013415","614419","True","서울남부지방법원","2020가합104737","","False","1st:not-in-db"
"613189","2025다211379","전부파기환송","파기","서울중앙지법","2024나37710","614411","True","서울중앙지방법원","2023가단5217827","","False","1st:not-in-db"
"613169","2024다283668","전부파기환송","파기","서울중앙지법","2023나72693","614361","True","서울중앙지방법원","2022가단5343637","","False","1st:not-in-db"
"613167","2024다305087","전부파기환송","파기","서울중앙지법","2024나12957","614363","True","서울중앙지방법원","2022가단5382472","614359","True",""
"623167","2025다213717","전부파기환송","파기","서울중앙지법","2024나53378","","False","","","","False","2nd:not-in-db"
"613253","2025다209941, 209942","상고기각","유지","수원고법","2020나22908","614459","True","수원지방법원 평택지원","2018가합9991","","False","1st:not-in-db"
"613219","2025다210104","일부파기환송","파기","서울고법","2024나2028036","614427","True","서울중앙지방법원","2023가합46959","614429","True",""
"613195","2025다211190","전부파기환송","파기","인천지법","2023나64211","614415","True","인천지방법원","2020가단212254","","False","1st:not-in-db"
"613181","2024다324200","전부파기환송","파기","서울중앙지법","2024나7306","614369","True","서울중앙지방법원","2023가단5082991","","False","1st:not-in-db"
"613177","2023다209984","일부파기환송","파기","서울중앙지법","2021나68607","614365","True","서울중앙지방법원","2020가단5024659","614367","True",""
"613161","2024다305605, 305612","일부파기환송","파기","울산지법","2024나11658","614353","True","울산지방법원","2023가단112928","614355","True",""
"622095","2025다210098","일부파기환송","파기","서울고법","2024나2004450","","False","","","","False","2nd:not-in-db"
"622091","2025다210806","전부파기환송","파기","광주고법","2023나26034","","False","","","","False","2nd:not-in-db"
"622063","2024다237108","전부파기환송","파기","서울고법","2023나2038449","","False","","","","False","2nd:not-in-db"
"622059","2022다240728","전부파기환송","파기","서울고법","2021나2018113","","False","","","","False","2nd:not-in-db"
"622055","2024다292525","전부파기환송","파기","대구고법","2024나11819","","False","","","","False","2nd:not-in-db"
"622005","2025다210805","전부파기환송","파기","광주고법","2023나20906","","False","","","","False","2nd:not-in-db"
"613079","2024다293016","전부파기환송","파기","춘천지법 강릉지원","2023나31881","613343","True","춘천지방법원 속초지원","2022가단31674","613317","True",""
"613077","2024다298448","상고기각","유지","서울고법","2023나2036139","613315","True","서울회생법원","2020가합181","613341","True",""
"613063","2022다240681","파기자판","파기","","","","False","","","","False","no-2nd-ref"
"613051","2025다211111","일부파기환송","파기","서울고법","2024나2023710","613291","True","서울중앙지방법원","2023가합71320","","False","1st:not-in-db"
"622093","2025다213651","상고각하","유지","대구지법","2024재나67","","False","","","","False","2nd:not-in-db"
"622071","2024다229794","일부파기환송","파기","대구고법","2021나24982","","False","","","","False","2nd:not-in-db"
"622065","2024다225242","일부파기환송","파기","광주고법","2022나21704","","False","","","","False","2nd:not-in-db"
"622009","2024다225976","일부파기환송","파기","광주고법","2022나21582","","False","","","","False","2nd:not-in-db"
"613057","2024다272835","전부파기환송","파기","의정부지법","2024나202646","613295","True","의정부지방법원","2023가소310604","","False","1st:not-in-db"
"618217","2025다213919, 213920","일부파기환송","파기","광주고법","2023나27396","","False","","","","False","2nd:not-in-db"
"618189","2023다206091, 206107","상고기각","유지","부산고법","2021나52054","","False","","","","False","2nd:not-in-db"
"618181","2025다213495","전부파기환송","파기","서울고법","2024나2052299","","False","","","","False","2nd:not-in-db"
"618153","2025다212519","전부파기환송","파기","서울고법","2024나2054042","","False","","","","False","2nd:not-in-db"
"612991","2021다225074, 225081","전부파기환송","파기","대구고법","2016나24452","613047","True","대구지방법원 김천지원","2014가합645","","False","1st:not-in-db"
"612985","2025다212444","일부파기환송","파기","서울고법","2024나2061118","613039","True","서울중앙지방법원","2023가합61941","613041","True",""
"612987","2021다252977","상고기각","유지","","","","False","","","","False","no-2nd-ref"
"618211","2025다211583","일부파기환송","파기","서울고법","2024나2014938","","False","","","","False","2nd:not-in-db"
"618203","2025다213214","전부파기환송","파기","수원지법","2024나51974","","False","","","","False","2nd:not-in-db"
"618197","2025다213724","일부파기환송","파기","대구고법","2023나18813","","False","","","","False","2nd:not-in-db"
"618173","2024다314227","일부파기환송","파기","서울동부지법","2023나31312","","False","","","","False","2nd:not-in-db"
"618163","2025다214630","전부파기환송","파기","수원지법","2024나77402","","False","","","","False","2nd:not-in-db"
"618147","2023다203221, 203238","상고기각","유지","부산고법","2021나51884","","False","","","","False","2nd:not-in-db"
"618143","2022다308747, 308754","상고기각","유지","서울고법","2021나2031635","","False","","","","False","2nd:not-in-db"
"612877","2024다221042","상고기각","유지","부산지법","2023나54440","","False","","","","False","2nd:not-in-db"
"612871","2025다212847","전부파기환송","파기","부산지법","2024나50964","","False","","","","False","2nd:not-in-db"
"612867","2025다213056","일부파기환송","파기","서울서부지법","2024나41875","","False","","","","False","2nd:not-in-db"
"612861","2025다204730","상고기각","유지","부산지법","2024나49834","","False","","","","False","2nd:not-in-db"
"612859","2022다212044","상고기각","유지","부산고법","2020나56066","","False","","","","False","2nd:court-mismatch"
"612857","2023다226170","전부파기환송","파기","서울고법","2022나2019885","","False","","","","False","2nd:not-in-db"
"612855","2020다225848","일부파기환송","파기","서울고법","2018나2041199","","False","","","","False","2nd:not-in-db"
"612853","2019다236385","상고기각","유지","서울고법","2017나2027639","","False","","","","False","2nd:not-in-db"
"612849","2024다215955","일부파기환송","파기","서울고법","2022나2015470","","False","","","","False","2nd:not-in-db"
"612847","2022다225897","전부파기환송","파기","서울동부지법","2020나32079","","False","","","","False","2nd:not-in-db"
"612843","2025다211105","일부파기환송","파기","대전고법","2023나10625","","False","","","","False","2nd:not-in-db"
"618223","2023다209106","일부파기환송","파기","","","","False","","","","False","no-2nd-ref"
"618157","2025다207883","일부파기환송","파기","부산지법","2024나55655","","False","","","","False","2nd:not-in-db"
"618149","2022다309344","전부파기환송","파기","서울중앙지법","2021나12352","","False","","","","False","2nd:not-in-db"
"618141","2024다308970","일부파기환송","파기","서울중앙지법","2024나12704","","False","","","","False","2nd:not-in-db"
"618089","2025다211711","일부파기환송","파기","서울중앙지법","2024나37888","","False","","","","False","2nd:not-in-db"
"618087","2025다211931","일부파기환송","파기","서울중앙지법","2024나47557","","False","","","","False","2nd:not-in-db"
"609607","2024다321232, 321249","전부파기환송","파기","광주고법","2024나22510","612933","True","광주지방법원","2023가합50498","612931","True",""
"609579","2022다276369","일부파기환송","파기","광주고법","2020나23836","612907","True","광주지방법원","2015가합60858","","False","1st:not-in-db"
"618215","2025다213314, 213315","파기이송","파기","서울중앙지법","2024나66602","","False","","","","False","2nd:not-in-db"
"618209","2024다294156","일부파기환송","파기","울산지법","2024나10990","","False","","","","False","2nd:not-in-db"
"618201","2025다212302, 212303","일부파기환송","파기","인천지법","2024나61868","","False","","","","False","2nd:not-in-db"
"618193","2025다209886","전부파기환송","파기","부산고법","2024나53355","","False","","","","False","2nd:not-in-db"
"618171","2025다213347","전부파기환송","파기","서울중앙지법","2024나37543","","False","","","","False","2nd:not-in-db"
"618145","2024다320796","전부파기환송","파기","부산지법","2024나43713","","False","","","","False","2nd:not-in-db"
"618139","2025다212890","전부파기환송","파기","수원지법","2022나61502","","False","","","","False","2nd:not-in-db"
"618137","2021다218755","파기자판","파기","서울고법","2018나2062257","","False","","","","False","2nd:not-in-db"
"618135","2025다212495","파기자판","파기","","","","False","","","","False","no-2nd-ref"
"613215","2024다286933","일부파기환송","파기","창원지법","2021나66927","614425","True","창원지방법원","2021가소111349","","False","1st:not-in-db"
"609611","2025다212804","상고기각","유지","청주지법","2024나57716","612939","True","청주지방법원","2023가단78739","612941","True",""
"609597","2024다207923","상고기각","유지","서울고법","2022나2052639","239795","True","서울중앙지법","2022가합512794","","False","1st:not-in-db"
"609591","2025다212464","상고기각","유지","서울북부지법","2024나37986","612923","True","서울북부지방법원","2023가단141283","","False","1st:not-in-db"
"609583","2025다212005","일부파기환송","파기","수원지법","2023나103472","612913","True","수원지방법원","2023가단514422","612915","True",""
"609581","2024다254387","일부파기환송","파기","","","","False","","","","False","no-2nd-ref"
"609571","2025다213846","일부파기환송","파기","부산지법","2024나54706","612903","True","부산지방법원 동부지원","2023가단116664","612905","True",""
"609489","2023다221885","일부파기환송","파기","서울고법","2022나2030981","612017","True","서울동부지방법원","2021가합113506","612015","True",""
"618221","2019다273803","상고기각","유지","서울고법","2018나2045580","","False","","","","False","2nd:not-in-db"
"618219","2021다248893","파기자판","파기","","","","False","","","","False","no-2nd-ref"
"618207","2025다211378","일부파기환송","파기","수원고법","2024나15762","","False","","","","False","2nd:not-in-db"
"618191","2022다248746","상고기각","유지","서울고법","2021나2033921","","False","","","","False","2nd:not-in-db"
"618187","2025다207128","전부파기환송","파기","서울중앙지법","2024나23629","","False","","","","False","2nd:not-in-db"
"618183","2025다210915","전부파기환송","파기","서울북부지법","2024나30879","","False","","","","False","2nd:not-in-db"
"618167","2022다283602, 283619","상고기각","유지","서울고법","2021나2031994","","False","","","","False","2nd:not-in-db"
"618151","2024다297278","일부파기환송","파기","대구지법","2023나312772","","False","","","","False","2nd:not-in-db"
"618131","2025다208275","일부파기환송","파기","서울중앙지법","2024나26451","","False","","","","False","2nd:not-in-db"
"618081","2025다212423","일부파기환송","파기","대전지법","2024나212411","","False","","","","False","2nd:not-in-db"
"618079","2025다205757","상고기각","유지","서울북부지법","2022나43482","","False","","","","False","2nd:not-in-db"
"609521","2025다212338","상고기각","유지","서울고법","2024나2033526","612049","True","서울중앙지방법원","2023가합93375","612047","True",""
"609517","2025다211120","상고기각","유지","서울고법","2023나2006442","612041","True","서울중앙지방법원","2021가합598043","612043","True",""
"609481","2022다283633","상고기각","유지","서울고법","2021나2050636","612011","True","서울중앙지방법원","2019가합541907","612013","True",""
"609461","2024다284418","전부파기환송","파기","창원지법","2023나111289","611987","True","창원지방법원 거창지원","2022가단13198","611989","True",""
"615701","2023다297400","파기자판","파기","서울고법","2022나2034365","","False","","","","False","2nd:not-in-db"
"615691","2025다213167","전부파기환송","파기","창원지법","2024나115172","","False","","","","False","2nd:not-in-db"
"615679","2025다209756","전부파기환송","파기","인천지법","2023나73048","","False","","","","False","2nd:not-in-db"
"615675","2024다306820","상고기각","유지","서울고법","2024나2002508","","False","","","","False","2nd:not-in-db"
"615663","2024다306721","전부파기환송","파기","서울중앙지법","2023나42630","","False","","","","False","2nd:not-in-db"
"615659","2025다211196","일부파기환송","파기","서울고법","2024나2003716","","False","","","","False","2nd:not-in-db"
"615657","2022다277607","전부파기환송","파기","대구지법","2022나307001","","False","","","","False","2nd:not-in-db"
"615641","2024다296329","전부파기환송","파기","의정부지법","2024나206082","","False","","","","False","2nd:not-in-db"
"615695","2020다219454, 219461, 219478","일부파기환송","파기","서울고법","2014나2045667","","False","","","","False","2nd:not-in-db"
"615651","2024다326022","전부파기환송","파기","창원지법","2023나117584","","False","","","","False","2nd:not-in-db"
"615645","2023다207834","일부파기환송","파기","서울고법","2021나2037763","","False","","","","False","2nd:not-in-db"
"615609","2025다211475, 211476","일부파기환송","파기","수원고법","2023나21494","","False","","","","False","2nd:not-in-db"
"615699","2024다227606, 227620","일부파기환송","파기","인천지법","2021나75644","","False","","","","False","2nd:not-in-db"
"615697","2024다268508","전부파기환송","파기","의정부지법","2023나220630","","False","","","","False","2nd:not-in-db"
"615693","2022다227114, 227121","일부파기환송","파기","대전고법","2021나11938","","False","","","","False","2nd:not-in-db"
"615685","2023다247450","상고기각","유지","서울중앙지법","2021나52763","","False","","","","False","2nd:not-in-db"
"615683","2024다312559","전부파기환송","파기","서울중앙지법","2024나1186","","False","","","","False","2nd:not-in-db"
"615681","2024다296213","일부파기환송","파기","서울고법","2023나2020349","","False","","","","False","2nd:not-in-db"
"615677","2024다228449","상고기각","유지","서울고법","2022나2046641","","False","","","","False","2nd:not-in-db"
"615673","2024다326749","상고기각","유지","","","","False","","","","False","no-2nd-ref"
"615661","2025다211505","일부파기환송","파기","서울중앙지법","2024나42132","","False","","","","False","2nd:not-in-db"
"615655","2025다211608, 211609","일부파기환송","파기","대전지법","2024나211166","","False","","","","False","2nd:not-in-db"
"615653","2025다210535, 210536, 210537","일부파기환송","파기","광주지법","2023나90902","","False","","","","False","2nd:not-in-db"
"615647","2025다211273","전부파기환송","파기","부산지법","2024나41984","","False","","","","False","2nd:not-in-db"
"615643","2022다228230","일부파기환송","파기","서울고법","2021나2019406","","False","","","","False","2nd:not-in-db"
"615639","2024다301832","일부파기환송","파기","서울중앙지법","2024나14854","","False","","","","False","2nd:not-in-db"
"615607","2025다209930","전부파기환송","파기","서울동부지법","2023나26051","","False","","","","False","2nd:not-in-db"
"608535","2023다271033","전부파기환송","파기","서울중앙지법","2022나79291","619413","True","서울중앙지방법원","2020가단5253648","","False","1st:not-in-db"
"608529","2024다236754","상고기각","유지","수원지법","2023나97362","619369","True","수원지방법원 성남지원","2022가단6453","619411","True",""
"608527","2023다309679","전부파기환송","파기","서울남부지법","2022나62893","619403","True","서울남부지방법원","2021가단279822","","False","1st:not-in-db"
"608507","2022다291153","일부파기환송","파기","","","","False","","","","False","no-2nd-ref"
"608505","2023다216777","일부파기환송","파기","서울고법","2017나2016158","619365","True","서울중앙지방법원","2013가합64415","619367","True",""
"608491","2025다209932, 209933","상고기각","유지","서울중앙지법","2023나79335","619383","True","서울중앙지방법원","2021가단5237940","619385","True",""
"608481","2024다270860","일부파기환송","파기","서울고법","2022나2021376","619349","True","서울중앙지방법원","2020가합558987","","False","1st:not-in-db"
"608479","2023다294180","상고기각","유지","서울고법","2022나2009437","619347","True","서울중앙지방법원","2017가합526119","619343","True",""
"608469","2024다305384","전부파기환송","파기","의정부지법","2023나214598","619375","True","의정부지방법원 고양지원","2023가단55746","","False","1st:not-in-db"
"608467","2024다242223","전부파기환송","파기","서울동부지법","2022나32271","619377","True","서울동부지방법원","2019가단144210","619337","True",""
"608455","2025다212297","전부파기환송","파기","의정부지법","2023나227051","619373","True","의정부지방법원","2023가단114390","","False","1st:not-in-db"
"608447","2024다289680","전부파기환송","파기","서울중앙지법","2022나77691","619289","True","서울중앙지방법원","2021가단5181795","619331","True",""
"608445","2021다220628","전부파기환송","파기","서울고법","2020나2026872","619329","True","서울중앙지방법원","2019가합515588","619333","True",""
"608433","2023다316363","전부파기환송","파기","수원지법","2022나76078","619281","True","수원지방법원","2021가단512866","","False","1st:not-in-db"
"608419","2024다292679","전부파기환송","파기","서울중앙지법","2024나220","619273","True","서울중앙지방법원","2022가단5170150","619275","True",""
"607827","2023다240299","일부파기환송","파기","인천지법","2021나64385","608441","True","인천지방법원","2020가단202806","608439","True",""
"614327","2024다287080","전부파기환송","파기","수원고법","2023나21197","","False","","","","False","2nd:not-in-db"
"614321","2020다263758","일부파기환송","파기","서울중앙지법","2019나54506","","False","","","","False","2nd:not-in-db"
"614315","2023다286257","전부파기환송","파기","의정부지법","2023나201608","","False","","","","False","2nd:not-in-db"
"614313","2023다204545","일부파기환송","파기","부산고법","2021나56056","","False","","","","False","2nd:not-in-db"
"614307","2023다264530, 264547","전부파기환송","파기","수원지법","2022나71554","","False","","","","False","2nd:not-in-db"
"607843","2022다257238","일부파기환송","파기","","","","False","","","","False","no-2nd-ref"
"607833","2025다210676","상고기각","유지","서울고법","2024나2034017","608465","True","서울회생법원","2023가합100983","608463","True",""
"607791","2024다210554","전부파기환송","파기","서울고법","2023나2009236","608533","True","서울중앙지방법원","2021가합509722","608531","True",""
"607789","2022다311736","일부파기환송","파기","서울고법","2022나2016305","608513","True","서울중앙지방법원","2020가합527549","608515","True",""
"614309","2022다231717","전부파기환송","파기","수원지법","2021나82397","","False","","","","False","2nd:not-in-db"
"607839","2024다282498","전부파기환송","파기","서울중앙지법","2023나17566","608499","True","서울중앙지방법원","2022가단5046790","608497","True",""
"607837","2023다318420","상고기각","유지","서울중앙지법","2022나63098","608493","True","서울중앙지방법원","2021가단5295915","608495","True",""
"607835","2024다209783","전부파기환송","파기","부산고법","2023나51086","608475","True","부산지방법원","2022가합42330","608473","True",""
"607785","2021다308108","일부파기환송","파기","서울고법","2020나2018864","608453","True","서울중앙지방법원","2017가합519593","608451","True",""
"614325","2025다210870","일부파기환송","파기","서울남부지법","2022나63971","","False","","","","False","2nd:not-in-db"
"614039","2025다211156","전부파기환송","파기","서울중앙지법","2024나33824","","False","","","","False","2nd:not-in-db"
"614329","2023다219752","전부파기환송","파기","서울남부지법","2022나57884","","False","","","","False","2nd:not-in-db"
"614323","2025다200820","상고기각","유지","서울고법","2024나2006999","","False","","","","False","2nd:not-in-db"
"614319","2025다210352","전부파기환송","파기","창원지법","2024나100880","","False","","","","False","2nd:not-in-db"
"614317","2025다211151","전부파기환송","파기","서울중앙지법","2023나53838","","False","","","","False","2nd:not-in-db"
"614311","2024다314845, 314852","일부파기환송","파기","서울중앙지법","2023나71973","","False","","","","False","2nd:not-in-db"
"613263","2024다316391","상고기각","유지","서울고법","2023나2053141","","False","","","","False","2nd:not-in-db"
"613251","2025다210853, 210854","전부파기환송","파기","광주고법","2024나24141","","False","","","","False","2nd:not-in-db"
"613243","2022다278501","전부파기환송","파기","","","","False","","","","False","no-2nd-ref"
"613233","2022다207141","상고기각","유지","서울고법","2021나2019000","","False","","","","False","2nd:not-in-db"
"613217","2023다252551","전부파기환송","파기","서울고법","2022나2020038","","False","","","","False","2nd:not-in-db"
"613179","2023다231738","일부파기환송","파기","수원지법","2022나72663","","False","","","","False","2nd:not-in-db"
"613175","2025다210788","일부파기환송","파기","서울중앙지법","2024나6846","","False","","","","False","2nd:not-in-db"
"607301","2025다205399, 205405","일부파기환송","파기","","","","False","","","","False","no-2nd-ref"
"607297","2025다209673, 209674","상고기각","유지","대구지법","2024나306736","607561","True","대구지방법원 서부지원","2022가단69213","607559","True",""
"607247","2024다326541","상고기각","유지","대구고법","2023나18271","607557","True","대구지방법원","2022가합205705","607629","True",""
"607241","2022다242649","일부파기환송","파기","서울남부지법","2021나66669","607551","True","서울남부지방법원","2021가단238937","","False","1st:not-in-db"
"607231","2025다209893, 209894","일부파기환송","파기","","","","False","","","","False","no-2nd-ref"
"607227","2024다243592","상고기각","유지","광주고법","2023나23684","607623","True","광주지방법원 장흥지원","2022가합5213","607625","True",""
"607205","2023다297141","일부파기환송","파기","서울중앙지법","2023나20869","607553","True","서울중앙지방법원","2021가소2350886","","False","1st:not-in-db"
"613255","2025다209711","일부파기환송","파기","","","","False","","","","False","no-2nd-ref"
"613211","2025다203058","전부파기환송","파기","서울중앙지법","2024나34919","","False","","","","False","2nd:not-in-db"
"613185","2025다210153","파기자판","파기","인천지법","2024나50363","","False","","","","False","2nd:not-in-db"
"613163","2024다311457","일부파기환송","파기","대전지법","2023나214717","","False","","","","False","2nd:not-in-db"
"613159","2025다210005, 210006","일부파기환송","파기","서울중앙지법","2023나14086","","False","","","","False","2nd:not-in-db"
"613157","2025다210307, 210308","상고기각","유지","수원고법","2024나19481","","False","","","","False","2nd:not-in-db"
"606831","2020다219577","상고기각","유지","서울고법","2019나2035276","607305","True","서울중앙지방법원","2018가합558397","607267","True",""
"606827","2024다288915","일부파기환송","파기","서울고법","2023나2057129","607299","True","서울중앙지방법원","2021가합586804","607261","True",""
"606821","2021다256696, 256702","상고기각","유지","대전고법","2020나11597","607291","True","대전지방법원 천안지원","2019가합101086","607253","True",""
"606819","2024다216743","전부파기환송","파기","수원고법","2023나10418","607249","True","수원지방법원 안양지원","2020가합105185","607251","True",""
"606817","2025다209645","상고기각","유지","대전지법","2023나226895","607209","True","대전지방법원","2021가단140255","","False","1st:not-in-db"
"606813","2022다279788","전부파기환송","파기","수원고법","2022나12622","607201","True","수원지방법원 안양지원","2020가합105390","607203","True",""
"606789","2022다247378","일부파기환송","파기","서울남부지법","2021나72404","607217","True","서울남부지방법원","2021가단231578","","False","1st:not-in-db"
"606765","2024다315527, 315534","일부파기환송","파기","대전고법","2023나13921","607187","True","대전지방법원 서산지원","2021가합51715","607185","True",""
