"id","date","caseNo","label","binary","hasRemandPrior","parties","order"
"623839","20260709","2023다290355, 290362","일부파기환송","파기","False","【원고(반소피고),상고인】 / 【피고(반소원고),피상고인】","원심판결 중 제1심판결이 소를 각하한 부분에 대하여 판결한 부분을 파기한다. 이 부분에 관한 소송은 2023. 9. 7. 원심판결이 선고됨으로써 종료되었다. 원심판결의 원고(반소피고) 패소 부분 중 위 소송종료 부분을 제외한 부분을 파기하고, 이 부분 사건을 서울고등법원에 환송한다."
"623711","20260709","2025다215725","상고기각","유지","False","【원고,피상고인】 / 【피고,상고인】","상고를 기각한다. 상고비용은 피고가 부담한다."
"623013","20260625","2026다201494","전부파기환송","파기","False","【원고,상고인】 / 【피고,피상고인】","원심판결을 파기하고, 사건을 수원지방법원에 환송한다."
"622983","20260625","2025다215010","일부파기환송","파기","False","【원고,상고인】 / 【피고,피상고인】","원심판결 중 ‘임금피크제로 인한 임금 감액분 청구 부분’을 파기하고, 이 부분 사건을 서울고등법원에 환송한다. 원고 3의 나머지 상고를 기각한다."
"622969","20260625","2025다219693","전부파기환송","파기","False","【원고,피상고인】 / 【피고,상고인】","원심판결을 파기하고, 사건을 광주고등법원에 환송한다."
"622961","20260625","2025다220404","일부파기환송","파기","False","【원고,피상고인】 / 【피고,상고인】","원심판결 중 피고 패소 부분을 파기하고, 이 부분 사건을 서울남부지방법원에 환송한다."
"622945","20260625","2026다200335","상고기각","유지","False","【원고,상고인】 / 【피고,피상고인】","상고를 기각한다. 상고비용은 원고가 부담한다."
"622919","20260625","2026다201948, 201949","일부파기환송","파기","False","【원고(반소피고),상고인】 / 【피고(반소원고),피상고인】 / 【피고,피상고인】","원심판결의 본소에 관한 부분 중 피고(반소원고) 1에 대한 부분을 파기하고, 이 부분 사건을 수원지방법원에 환송한다. 원고(반소피고)의 피고 2에 대한 상고를 기각한다. 피고 2에 대한 상고비용은 원고(반소피고)가 부담한다."
"623015","20260624","2025다219742","전부파기환송","파기","False","【원고,상고인】 / 【피고,피상고인】","원심판결을 파기하고, 사건을 특허법원에 환송한다."
"623011","20260624","2024다260146","전부파기환송","파기","False","【원고,상고인】 / 【피고,피상고인】","원심판결을 파기하고, 사건을 부산고등법원에 환송한다."
"622971","20260624","2026다201978","일부파기환송","파기","False","【원고,피상고인】 / 【피고,상고인】","원심판결의 피고 패소 부분 중 지연손해금 부분을 파기하고, 이 부분 사건을 서울고등법원에 환송한다. 나머지 상고를 기각한다."
"622917","20260624","2024다320215","상고기각","유지","False","【원고,피상고인】 / 【피고,상고인】","상고를 기각한다. 상고비용은 피고가 부담한다."
"623025","20260611","2025다221009","일부파기환송","파기","False","【원고,상고인겸피상고인】 / 【피고,피상고인겸상고인】 / 【피고,피상고인】","원심판결 중 피고 1 패소 부분을 파기하고, 이 부분 사건을 서울고등법원에 환송한다. 원고들의 상고를 모두 기각한다. 상고비용 중 원고들의 피고 주식회사 △△△, 피고 3에 대한 상고로 인한 부분은 원고들이 부담한다."
"623067","20260605","2026다201517","상고기각","유지","False","【원고,상고인】 / 【피고,피상고인】","상고를 기각한다. 상고비용은 원고가 부담한다."
"622261","20260529","2024다208261","전부파기환송","파기","False","【원고,상고인겸피상고인】 / 【피고,피상고인겸상고인】","원심판결을 파기하고, 사건을 광주지방법원에 환송한다."
"622259","20260529","2025다219520","상고기각","유지","False","【원고,피상고인】 / 【피고,상고인】","상고를 모두 기각한다. 상고비용은 피고들이 부담한다."
"622247","20260529","2026다200365","상고기각","유지","False","【원고(선정당사자),피상고인】 / 【피고,상고인】","상고를 기각한다. 상고비용은 피고가 부담한다."
"622111","20260521","2018다296229","상고기각","유지","False","【원고,상고인】 / 【피고,피상고인】","상고를 기각한다. 상고비용은 원고가 부담한다."
"622255","20260520","2025다210073","상고기각","유지","False","【원고,상고인】 / 【피고,피상고인】","상고를 기각한다. 상고비용은 원고가 부담한다."
"622253","20260520","2023다287663","전부파기환송","파기","False","【원고,피상고인】 / 【피고,상고인】","원심판결을 파기하고, 사건을 서울고등법원에 환송한다."
"621995","20260514","2026다200867","상고기각","유지","False","【원고,피상고인】 / 【피고,상고인】","상고를 모두 기각한다. 상고비용은 피고가 부담한다."
"621987","20260514","2023다228244","전부파기환송","파기","False","【원고,상고인】 / 【피고,피상고인】","원심판결을 파기하고, 사건을 대전지방법원에 환송한다."
"621979","20260514","2025다211405","상고기각","유지","False","【원고,피상고인】 / 【피고,상고인】","상고를 기각한다. 상고비용은 피고가 부담한다."
"621909","20260514","2025다202901","전부파기환송","파기","False","【원고,상고인】 / 【피고,피상고인】","원심판결을 파기하고, 사건을 부산고등법원에 환송한다."
"621899","20260514","2025다220815","파기자판","파기","True","【원고,피상고인】 / 【피고,상고인】","원심판결 중 공동하여 54,164,710원 및 그중 5,580,825원에 대하여는 2022. 2. 4.부터, 38,839,533원에 대하여는 2022. 8. 3.부터 각 2025. 12. 3.까지 연 5%, 9,744,352원에 대하여는 2022. 9. 1.부터 2024. 4. 30.까지 연 5%, 각 그다음 날부터 다 갚는 날까지 연 12%의 각 비율로 "
"621989","20260508","2024다321829","상고기각","유지","False","【원고,상고인】 / 【피고,피상고인】","상고를 모두 기각한다. 상고비용은 원고들이 부담한다."
"621985","20260508","2025다220651","상고기각","유지","False","【원고,피상고인겸상고인】 / 【피고,상고인겸피상고인】","상고를 모두 기각한다. 상고비용 중 원고의 상고로 인한 부분은 원고가, 피고의 상고로 인한 부분은 피고가 각 부담한다."
"621973","20260508","2025다220617, 220618","파기자판","파기","False","【원고(반소피고),상고인겸피상고인】 / 【피고(반소원고),피상고인겸상고인】 / 【피고,상고인】","원심판결 중 피고 2에 대한 본소 부분을 파기하고, 이 부분에 관한 제1심판결을 취소하며, 이 부분 본소를 각하한다. 원고(반소피고)의 상고 및 피고(반소원고) 1의 상고를 모두 기각한다. 원고(반소피고)와 피고 2 사이에 생긴 소송총비용은 원고(반소피고)가 부담하고, 원고(반소피고)와 피고(반소원고) 1 사이에 생긴 상고비용 중 원고(반소피고)의 상고로 "
"621911","20260508","2025다220329","일부파기환송","파기","False","【원고,피상고인】 / 【피고,상고인】","원심판결 중 피고 패소 부분을 파기하고, 이 부분 사건을 서울남부지방법원에 환송한다."
"621907","20260508","2026다200201","상고기각","유지","False","【원고,피상고인】 / 【피고,상고인】","상고를 모두 기각한다. 상고비용은 피고들이 부담한다."
"621897","20260508","2025다220761","일부파기환송","파기","True","【원고,피상고인】 / 【피고,상고인】","원심판결 중 피고 패소 부분을 파기하고, 이 부분 사건을 서울남부지방법원에 환송한다."
"620463","20260430","2023다295978","상고기각","유지","False","【원고,상고인】 / 【피고,피상고인】 / 【피고보조참가인】","상고를 기각한다. 상고비용은 피고보조참가로 생긴 부분을 포함하여 원고가 부담한다."
"620455","20260430","2025다220178","일부파기환송","파기","True","【원고,피상고인】 / 【피고,상고인】","원심판결 중 피고의 원고 678에 대한 패소 부분을 파기하고, 이 부분 사건을 서울고등법원에 환송한다. 피고의 나머지 상고를 모두 기각한다. 상고비용 중 피고의 원고 678을 제외한 나머지 원고들에 대한 상고로 생긴 부분은 피고가 부담한다."
"620453","20260430","2023다216388","일부파기환송","파기","False","【원고,피상고인겸상고인】 / 【피고,상고인겸피상고인】 / 【피고,상고심당사자】","원심판결의 피고 △△투자증권 주식회사, ◇◇◇투자증권 주식회사에 대한 원고 패소 부분 중 제2 예비적 청구의 지연손해금 부분을 파기하고, 이 부분 사건을 서울고등법원에 환송한다. 원고의 나머지 상고 및 피고 △△투자증권 주식회사, ◇◇◇투자증권 주식회사의 상고를 모두 기각한다."
"620451","20260430","2025다217580","전부파기환송","파기","False","【원고,상고인】 / 【피고,피상고인】","원심판결을 파기하고, 사건을 수원고등법원에 환송한다."
"620425","20260430","2025다219757, 219758","일부파기환송","파기","False","【원고(반소피고),상고인겸피상고인】 / 【원고(반소피고),피상고인】 / 【피고(반소원고),피상고인겸상고인】","원심판결의 원고(반소피고) 75를 제외한 나머지 원고(반소피고)들 패소 부분 중 미지급 연장근로수당 및 야간근로수당 청구 부분을 파기하고, 이 부분 사건을 서울고등법원에 환송한다. 원고(반소피고) 75를 제외한 나머지 원고(반소피고)들의 나머지 상고 및 피고(반소원고)의 상고를 모두 기각한다. 상고비용 중 피고(반소원고)의 원고(반소피고) 75에 대한 상고"
"620421","20260430","2024다222212","상고기각","유지","False","【원고,피상고인】 / 【피고,상고인】","상고를 모두 기각한다. 상고비용은 피고들이 부담한다."
"620419","20260430","2025다220458","일부파기환송","파기","False","【원고,피상고인】 / 【피고,상고인】","원심판결의 주문 제3항 중 피고 망 소외인의 소송수계피신청인 ○○○에 대한 부분을 파기하고, 이 부분 사건을 대구지방법원에 환송한다. 원고의 피고 망 소외인의 소송수계피신청인 ○○○에 대한 소송수계신청을 기각한다."
"620415","20260430","2025다210837","상고기각","유지","False","【원고,피상고인】 / 【피고,상고인】","상고를 모두 기각한다. 상고비용은 피고들이 부담한다."
"620411","20260430","2025다213488","일부파기환송","파기","False","【원고,상고인겸피상고인】 / 【피고,피상고인】 / 【피고,상고인】","원심판결 중 피고 6을 제외한 나머지 피고들에 대한 위약금 청구에 관한 원고 패소 부분을 파기하고, 이 부분 사건을 대전고등법원에 환송한다. 원고의 나머지 상고 및 피고 6의 상고를 모두 기각한다. 원고와 피고 6 사이에 생긴 상고비용은 피고 6이 부담한다."
"619501","20260416","2025다220131","파기이송","파기","False","【원고,상고인】 / 【피고,피상고인】","원심판결을 파기하고 제1심판결을 취소한다. 사건을 창원지방법원 밀양지원 합의부로 이송한다."
"619471","20260416","2025다220034","일부파기환송","파기","False","【원고,피상고인】 / 【피고,상고인】","원심판결 중 피고 패소 부분을 파기하고, 이 부분 사건을 수원고등법원에 환송한다."
"619461","20260416","2025다220126","상고기각","유지","False","【원고,상고인】 / 【피고,피상고인】","상고를 모두 기각한다. 상고비용은 원고들이 부담한다."
"619453","20260416","2022다225606","일부파기환송","파기","False","【원고,피상고인】 / 【피고,상고인】 / 【피고보조참가인】","원심판결 중 원고 1, 원고 2, 원고 3, 원고 4, 원고 5, 원고 6, 원고 7에 대한 부분을 파기하고, 이 부분 사건을 광주고등법원에 환송한다. 피고의 원고 8에 대한 상고를 기각한다. 원고 8에 대한 상고비용은 피고가 부담한다."
"619451","20260409","2023다307116","일부파기환송","파기","False","【원고,상고인】 / 【피고,피상고인】 / 【피고보조참가인】","원심판결 중 임대차보증금 반환청구 부분을 파기하고, 이 부분 사건을 서울중앙지방법원에 환송한다. 나머지 상고를 기각한다."
"619445","20260409","2024다324972","상고기각","유지","False","【원고(탈퇴)】 / 【원고승계참가인,피상고인】 / 【피고,상고인】","상고를 기각한다. 상고비용은 피고가 부담한다."
"619429","20260409","2025다211106","상고기각","유지","False","【원고,피상고인】 / 【피고,상고인】","상고를 기각한다. 상고비용은 피고가 부담한다."
"619427","20260409","2025다210218","상고기각","유지","True","【원고,피상고인】 / 【피고,상고인】","상고를 기각한다. 상고비용은 피고가 부담한다."
"618705","20260402","2025다219931","상고기각","유지","False","【원고,피상고인】 / 【피고,상고인】","상고를 기각한다. 상고비용은 피고가 부담한다."
"618699","20260402","2025다218671","전부파기환송","파기","False","【원고,피상고인】 / 【피고,상고인】","원심판결을 파기하고, 사건을 광주고등법원에 환송한다."
"618697","20260402","2025다219495","상고기각","유지","False","【원고,피상고인겸상고인】 / 【피고,상고인겸피상고인】","상고를 모두 기각한다. 상고비용 중 원고의 상고로 인한 부분은 원고가, 피고의 상고로 인한 부분은 피고가 각각 부담한다."
"618695","20260402","2025다211789","전부파기환송","파기","False","【원고,상고인】 / 【피고,피상고인】","원심판결을 파기하고, 사건을 서울중앙지방법원에 환송한다."
"618693","20260402","2025다214169","전부파기환송","파기","False","【원고,상고인】 / 【피고,피상고인】","원심판결을 파기하고, 사건을 광주고등법원에 환송한다."
"618667","20260402","2024다309430","전부파기환송","파기","False","【원고,상고인】 / 【피고,피상고인】","원심판결을 파기하고, 사건을 서울중앙지방법원에 환송한다."
"618665","20260402","2023다267355","상고기각","유지","False","【원고,상고인】 / 【피고,피상고인】","상고를 모두 기각한다. 상고비용은 원고가 부담한다."
"618663","20260402","2024다221141","상고기각","유지","False","【원고,상고인겸피상고인】 / 【피고,피상고인겸상고인】","상고를 모두 기각한다. 상고비용 중 원고들의 상고로 인한 부분은 원고들이, 피고의 상고로 인한 부분은 피고가 각각 부담한다."
"618661","20260402","2025다219649","상고기각","유지","False","【원고,피상고인】 / 【피고,상고인】","상고를 기각한다. 상고비용은 피고가 부담한다."
"618549","20260312","2024다297254","전부파기환송","파기","False","【원고,상고인】 / 【피고,피상고인】","원심판결을 파기하고, 사건을 부산지방법원에 환송한다."
"618543","20260312","2020다288436","일부파기환송","파기","False","【원고,피상고인】 / 【원고승계참가인,피상고인】 / 【피고,상고인】","원심판결 중 피고 패소 부분과 원고에 관한 부분을 파기하고, 이 부분 사건을 부산고등법원에 환송한다."
"618541","20260312","2025다217707","상고기각","유지","False","【원고,상고인】 / 【피고,피상고인】","상고를 기각한다. 상고비용은 원고가 부담한다."
"618533","20260312","2025다217883","전부파기환송","파기","False","【원고,피상고인겸상고인】 / 【피고,상고인겸피상고인】","원심판결을 파기하고, 사건을 인천지방법원에 환송한다. 원고의 상고 중 추가 금융비용 상당의 손해배상청구 부분을 각하한다."
"618511","20260312","2025다214123","상고기각","유지","False","【원고,상고인】 / 【피고,피상고인】","상고를 모두 기각한다. 상고비용은 원고들이 부담한다."
"618507","20260312","2023다255130","상고기각","유지","False","【원고(선정당사자),상고인겸부대피상고인】 / 【피고,피상고인겸부대상고인】","상고와 부대상고를 모두 기각한다. 상고비용은 원고(선정당사자)가, 부대상고비용은 피고가 각 부담한다."
"618479","20260312","2025다207326","상고기각","유지","False","【원고,피상고인】 / 【피고,상고인】","상고를 기각한다. 상고비용은 피고가 부담한다."
"618229","20260226","2025다213906","전부파기환송","파기","False","【원고,상고인】 / 【피고,피상고인】 / 【피고보조참가인】","원심판결을 파기하고, 사건을 수원고등법원에 환송한다."
"618205","20260226","2025다213795","전부파기환송","파기","False","【원고(준재심피고),상고인】 / 【피고(준재심원고),피상고인】","원심판결을 파기하고, 사건을 대전지방법원에 환송한다."
"618199","20260226","2024다311181","일부파기환송","파기","False","【원고,피상고인】 / 【피고,상고인】","원심판결 중 주위적 청구에 관한 피고 패소 부분과 이에 해당하는 예비적 청구 부분을 파기하고, 이 부분 사건을 특허법원에 환송한다."
"618185","20260226","2025다210305","상고기각","유지","False","【원고,피상고인】 / 【피고,상고인】","상고를 기각한다. 상고비용은 피고가 부담한다."
"618179","20260226","2025다215255","일부파기환송","파기","False","【원고,상고인】 / 【피고,피상고인】","원심판결 중 주위적 청구에 관한 원고 패소 부분을 파기하고, 이 부분 사건을 인천지방법원에 환송한다. 나머지 상고를 기각한다."
"618165","20260226","2023다280945","상고기각","유지","False","【원고,피상고인】 / 【피고,상고인】","상고를 기각한다. 상고비용은 피고가 부담한다."
"618155","20260226","2024다228661","전부파기환송","파기","False","【원고,상고인】 / 【피고,피상고인】","원심판결을 파기하고, 사건을 서울고등법원에 환송한다."
"618133","20260226","2025다215212","일부파기환송","파기","False","【원고,상고인】 / 【피고,피상고인】","원심판결 중 제1 예비적 청구와 제2 예비적 청구에 관한 원고 패소 부분 및 가지급물반환신청에 대한 재판 중 원고 패소 부분을 각 파기한다. 이 부분 사건을 대구고등법원에 환송한다. 원고의 주위적 청구에 관한 상고를 기각한다."
"618075","20260226","2025다218465","상고기각","유지","False","【원고,상고인】 / 【피고,피상고인】","상고를 모두 기각한다. 상고비용은 원고들이 부담한다."
"617169","20260212","2023다249449","일부파기환송","파기","False","【원고,피상고인】 / 【피고,상고인】","원심판결 중 예비적 청구에 관한 피고 패소 부분을 파기하고, 이 부분 사건을 부산고등법원에 환송한다."
"617165","20260212","2025다217253","일부파기환송","파기","False","【원고,피상고인】 / 【피고,상고인】","원심판결 중 피고에 대한 부분을 파기하고, 이 부분 사건을 서울고등법원에 환송한다."
"617163","20260212","2022다284711, 284728","상고기각","유지","False","【원고,피상고인】 / 【피고,상고인】","상고를 모두 기각한다. 상고비용은 피고들이 부담한다."
"617161","20260212","2024다295135","일부파기환송","파기","False","【원고,피상고인】 / 【피고,상고인】","원심판결 중 피고 패소 부분을 파기하고, 이 부분 사건을 서울고등법원에 환송한다."
"617157","20260212","2023다285438","일부파기환송","파기","False","【원고(선정당사자),피상고인】 / 【피고,상고인】","원심판결 중 피고 패소 부분을 파기하고, 이 부분 사건을 울산지방법원에 환송한다."
"617151","20260212","2025다212052","일부파기환송","파기","False","【원고,상고인】 / 【피고,피상고인】","원심판결 중 원고 패소 부분을 파기하고, 이 부분 사건을 광주지방법원에 환송한다."
"616709","20260212","2024다229053, 229060","전부파기환송","파기","False","【원고(반소피고),상고인】 / 【피고(반소원고),피상고인】","원심판결을 파기하고, 사건을 수원지방법원에 환송한다."
"616587","20260129","2021다248299","전부파기환송","파기","False","【원고,상고인】 / 【피고,피상고인】","원심판결을 파기하고, 사건을 수원고등법원에 환송한다."
"616575","20260129","2022다255454","일부파기환송","파기","False","【원고,상고인겸피상고인】 / 【피고,피상고인겸상고인】","원심판결 중 피고 패소 부분을 파기하고, 이 부분 사건을 서울중앙지방법원에 환송한다. 원고들의 상고를 모두 기각한다."
"616543","20260129","2025다218322","일부파기환송","파기","False","【원고,피상고인】 / 【피고,상고인】","원심판결 중 피고 주식회사 △△의 소송수계인 회생채무자 주식회사 △△의 관리인 소외인의 소송수계인 주식회사 △△에 대한 부분을 파기하고, 이 부분 사건을 서울고등법원에 환송한다. 피고 주택도시보증공사, 주식회사 □□의 상고를 각 기각한다. 상고비용 중 피고 주택도시보증공사의 상고로 인한 부분은 피고 주택도시보증공사가, 피고 주식회사 □□의 상고로 인한 부분"
"616519","20260129","2023다316387","전부파기환송","파기","False","【원고,상고인】 / 【피고,피상고인】","원심판결을 파기하고, 사건을 서울중앙지방법원에 환송한다."
"616517","20260129","2025다217179","상고기각","유지","False","【원고,상고인】 / 【피고,피상고인】","상고를 모두 기각한다. 상고비용은 원고들이 부담한다."
"616515","20260129","2024다292464","전부파기환송","파기","False","【원고,상고인】 / 【피고,피상고인】","원심판결을 파기하고, 사건을 부산고등법원에 환송한다."
"616497","20260129","2024다203655","전부파기환송","파기","False","【원고,피상고인】 / 【피고,상고인】","원심판결을 파기하고, 사건을 광주지방법원에 환송한다."
"616249","20260129","2022다287284","일부파기환송","파기","False","【원고,상고인】 / 【피고,피상고인】","원심판결 중 원고 2, 원고 3, 원고 5 법무법인, 원고 6, 원고 7, 원고 8에 대한 부분을 파기하고, 이 부분 사건을 수원고등법원에 환송한다. 원고 1, 원고 4, 원고 9, 원고 10의 상고를 모두 기각한다. 상고비용 중 원고 1, 원고 4, 원고 9, 원고 10의 상고로 인한 비용은 원고 1, 원고 4, 원고 9, 원고 10이 부담한다."
"616235","20260129","2024다236327","전부파기환송","파기","False","【원고,상고인】 / 【피고,피상고인】","원심판결을 파기하고, 사건을 의정부지방법원에 환송한다."
"616527","20260122","2023다285162","일부파기환송","파기","False","【원고,상고인】 / 【피고,피상고인】","원심판결의 원고들 패소 부분 중 가족 고유의 위자료 청구 부분을 파기하고, 이 부분 사건을 광주고등법원에 환송한다."
"616499","20260122","2022다214040","파기자판","파기","False","【원고,피상고인】 / 【피고,상고인】","원심판결 중 피고들 패소 부분을 파기한다. 그중 원심에서 추가로 인용된 부분에 관하여는 그에 해당하는 원고의 항소를 모두 기각하고, 제1심에서 인용된 부분에 관하여는 그 부분 제1심판결을 취소하며, 그에 해당하는 원고의 청구를 모두 기각한다. 소송총비용은 원고가 부담한다."
"616017","20260115","2024다275070","일부파기환송","파기","False","【원고,피상고인겸상고인】 / 【피고,상고인겸피상고인】","원심판결 중 피고 패소 부분을 파기하고, 이 부분 사건을 서울고등법원에 환송한다. 원고의 상고를 기각한다."
"615963","20260115","2024다294033","상고기각","유지","False","【원고,피상고인,소송수계신청인】 / 【피고,상고인】 / 【피고보조참가신청인】","상고를 모두 기각한다. 원고들의 소송수계신청을 모두 기각한다. 피고보조참가신청인의 보조참가신청을 각하한다. 상고비용 중 보조참가로 인한 부분은 피고보조참가신청인이, 소송수계신청으로 인한 부분은 원고들이, 나머지는 피고가 각 부담한다."
"616029","20260108","2025다209990","전부파기환송","파기","False","【원고(선정당사자),피상고인】 / 【피고,상고인】","원심판결을 파기하고, 사건을 서울고등법원에 환송한다."
"615973","20260108","2025다211537, 211538","상고기각","유지","False","【원고,상고인】 / 【피고,피상고인】","상고를 모두 기각한다. 상고비용은 원고들이 부담한다."
"615971","20260108","2025다211003","일부파기환송","파기","False","【원고,피상고인】 / 【피고,상고인】","원심판결 중 피고 패소 부분을 파기하고, 이 부분 사건을 부산고등법원에 환송한다."
"615953","20260108","2025다213608","일부파기환송","파기","False","【원고,피상고인】 / 【피고,상고인】","원심판결 중 예비적 청구에 관한 피고 패소 부분을 파기하고, 이 부분 사건을 서울고등법원에 환송한다."
"615951","20260108","2025다210092, 210093","전부파기환송","파기","False","【원고(반소피고),상고인】 / 【피고(반소원고),피상고인】 / 【피고,피상고인】","원심판결을 파기하고, 사건을 서울고등법원에 환송한다."
"615947","20260108","2022다233713","일부파기환송","파기","False","【원고,피상고인】 / 【피고,상고인】","원심판결 중 피고들 패소 부분을 파기하고, 이 부분 사건을 서울중앙지방법원에 환송한다."
"615767","20260108","2025다213466","상고기각","유지","False","【원고,상고인】 / 【원고보조참가인,상고인】 / 【피고,피상고인】","상고를 모두 기각한다. 상고비용 중 보조참가로 인한 부분은 원고보조참가인이, 나머지는 원고가 각 부담한다."
"615667","20251224","2025다216444","전부파기환송","파기","False","【원고,상고인】 / 【피고,피상고인】","원심판결을 파기하고, 사건을 서울중앙지방법원에 환송한다."
"614387","20251211","2025다214605","상고기각","유지","False","【원고,상고인】 / 【피고,피상고인】","상고를 기각한다. 상고비용은 원고가 부담한다."
"614385","20251211","2023다239756","상고기각","유지","False","【원고,상고인】 / 【피고,피상고인】","상고를 기각한다. 상고비용은 원고가 부담한다."
"614373","20251211","2021다248190","일부파기환송","파기","False","【원고,상고인겸피상고인】 / 【피고,피상고인겸상고인】","원심판결 중 ① 원고 8, 원고 9에 대한 부분, ② 원고 3, 원고 4에 대한 부분 중 지연손해금 부분, ③ 나머지 원고들에 대한 피고 패소 부분과 지연손해금 부분을 각 파기하고, 이 부분 사건을 대구고등법원에 환송한다. 원고 8, 원고 9를 제외한 나머지 원고들과 피고의 각 나머지 상고를 모두 기각한다."
"614371","20251211","2025다211430","일부파기환송","파기","False","【원고,상고인】 / 【피고,피상고인】","원심판결 중 원고들 패소 부분(2023. 5. 19.경 신체접촉행위로 인한 원고들의 손해배상청구 부분 제외)을 파기하고, 이 부분 사건을 의정부지방법원에 환송한다. 원고들의 나머지 상고를 모두 기각한다."
"614341","20251211","2025다212863","전부파기환송","파기","False","【원고,피상고인】 / 【피고,상고인】","원심판결을 파기하고, 사건을 수원지방법원에 환송한다."
"614333","20251211","2023다261302","상고기각","유지","False","【원고,피상고인】 / 【피고,상고인】","상고를 기각한다. 상고비용은 피고가 부담한다."
"614049","20251211","2025다216025","상고기각","유지","False","【원고,피상고인】 / 【피고,상고인】","상고를 모두 기각한다. 상고비용은 피고들이 부담한다."
"623247","20251204","2025다211354","상고기각","유지","False","【원고,상고인】 / 【피고,피상고인】","상고를 기각한다. 상고비용은 원고가 부담한다."
"623183","20251204","2025다214761","전부파기환송","파기","False","【원고,피상고인】 / 【피고,상고인】","원심판결을 파기하고, 사건을 부산지방법원에 환송한다."
"623091","20251204","2025다216430","파기자판","파기","False","【원고,피상고인】 / 【피고,상고인】","원심판결의 부대청구에 관한 부분 중 11,810,000원에 대하여 2024. 10. 5.부터 2025. 8. 22.까지 연 6%, 그다음 날부터 다 갚는 날까지 연 12%의 각 비율로 계산한 돈을 초과하여 지급을 명한 피고 패소 부분을 파기하고, 그 부분에 해당하는 원고의 예비적 청구를 기각한다. 피고의 나머지 상고를 기각한다. 소송총비용 중 60%는 원고"
"623049","20251204","2024다281297","전부파기환송","파기","False","【원고,상고인】 / 【피고,피상고인】 / 【피고보조참가인】","원심판결을 파기하고, 사건을 서울중앙지방법원에 환송한다."
"613261","20251204","2025다213134","상고기각","유지","False","【원고,피상고인】 / 【피고,상고인】","상고를 기각한다. 상고비용은 피고가 부담한다."
"613241","20251204","2023다306885","전부파기환송","파기","False","【원고,상고인】 / 【피고,피상고인】","원심판결을 파기하고, 사건을 광주지방법원에 환송한다."
"613239","20251204","2024다228630","일부파기환송","파기","False","【원고,피상고인】 / 【피고,상고인】","원심판결의 피고 패소 부분 중 월불입금 연체 및 계약실효로 인한 수수료 환수금 공제 주장에 관한 부분(608,900,000원 및 이에 대한 지연손해금 부분)을 파기하고, 이 부분 사건을 서울고등법원에 환송한다."
"613237","20251204","2023다271798","일부파기환송","파기","False","【원고,피상고인】 / 【피고,상고인】","원심판결 중 피고들 패소 부분을 파기하고, 이 부분 사건을 서울중앙지방법원에 환송한다."
"613235","20251204","2023다311184","상고기각","유지","False","【원고,상고인】 / 【피고,피상고인】","상고를 기각한다. 상고비용은 원고가 부담한다."
"613207","20251204","2022다299829","일부파기환송","파기","False","【원고,피상고인】 / 【피고,상고인】","원심판결 중 피고 패소 부분을 파기하고, 이 부분 사건을 서울고등법원에 환송한다."
"613189","20251204","2025다211379","전부파기환송","파기","False","【원고,상고인】 / 【피고,피상고인】","원심판결을 파기하고, 사건을 서울중앙지방법원에 환송한다."
"613169","20251204","2024다283668","전부파기환송","파기","False","【원고,상고인】 / 【피고,피상고인】 / 【피고보조참가인】","원심판결을 파기하고, 사건을 서울중앙지방법원에 환송한다."
"613167","20251204","2024다305087","전부파기환송","파기","False","【원고,상고인】 / 【피고,피상고인】 / 【피고보조참가인】","원심판결을 파기하고, 사건을 서울중앙지방법원에 환송한다."
"623167","20251120","2025다213717","전부파기환송","파기","False","【원고,피상고인】 / 【피고,상고인】","원심판결을 파기하고, 사건을 서울중앙지방법원에 환송한다."
"613253","20251120","2025다209941, 209942","상고기각","유지","False","【원고(반소피고),상고인겸피상고인】 / 【피고(반소원고),피상고인겸상고인】","상고를 모두 기각한다. 상고비용 중 원고(반소피고)의 상고로 인한 부분은 원고(반소피고)가, 피고(반소원고)의 상고로 인한 부분은 피고(반소원고)가 각 부담한다."
"613219","20251120","2025다210104","일부파기환송","파기","False","【원고,피상고인】 / 【피고,상고인】","원심판결 중 피고 패소 부분을 파기하고, 이 부분 사건을 서울고등법원에 환송한다."
"613195","20251120","2025다211190","전부파기환송","파기","False","【원고,상고인】 / 【피고,피상고인】","원심판결을 파기하고, 사건을 인천지방법원에 환송한다."
"613181","20251120","2024다324200","전부파기환송","파기","False","【원고,피상고인】 / 【피고,상고인】","원심판결을 파기하고, 사건을 서울중앙지방법원에 환송한다."
"613177","20251120","2023다209984","일부파기환송","파기","False","【원고,상고인】 / 【피고,피상고인】 / 【피고보조참가인】","원심판결 중 건물 손해에 관한 보험자대위청구 부분을 파기하고, 이 부분 사건을 서울중앙지방법원에 환송한다. 나머지 상고를 기각한다."
"613161","20251120","2024다305605, 305612","일부파기환송","파기","False","【원고(반소피고),피상고인】 / 【피고(반소원고),상고인】","원심판결 중 반소에 관한 피고(반소원고) 패소 부분을 파기하고, 이 부분 사건을 울산지방법원에 환송한다. 나머지 상고를 기각한다."
"622095","20251113","2025다210098","일부파기환송","파기","False","【원고,상고인】 / 【피고,피상고인】","원심판결 중 원고들 패소 부분을 파기하고, 이 부분 사건을 서울고등법원에 환송한다."
"622091","20251113","2025다210806","전부파기환송","파기","False","【원고,상고인】 / 【피고,피상고인】","원심판결을 파기하고, 사건을 광주고등법원에 환송한다."
"622063","20251113","2024다237108","전부파기환송","파기","False","【원고,피상고인】 / 【피고,상고인】","원심판결을 파기하고, 사건을 서울고등법원에 환송한다."
"622059","20251113","2022다240728","전부파기환송","파기","False","【원고,상고인】 / 【피고,피상고인】","원심판결을 파기하고, 사건을 서울고등법원에 환송한다."
"622055","20251113","2024다292525","전부파기환송","파기","False","【원고,피상고인】 / 【피고,상고인】","원심판결을 파기하고, 사건을 대구고등법원에 환송한다."
"622005","20251113","2025다210805","전부파기환송","파기","False","【원고,상고인】 / 【피고,피상고인】","원심판결을 파기하고, 사건을 광주고등법원에 환송한다."
"613079","20251113","2024다293016","전부파기환송","파기","False","【원고,상고인】 / 【피고,피상고인】","원심판결을 파기하고, 사건을 춘천지방법원 강릉지원에 환송한다."
"613077","20251113","2024다298448","상고기각","유지","False","【원고(선정당사자),상고인】 / 【피고,피상고인】","상고를 모두 기각한다. 상고비용은 원고(선정당사자)들이 부담한다."
"613063","20251113","2022다240681","파기자판","파기","False","【원고,피상고인】 / 【피고,상고인】","원심판결을 파기하고, 원고의 항소를 기각한다. 항소제기 후의 소송총비용은 원고가 부담한다."
"613051","20251113","2025다211111","일부파기환송","파기","False","【원고,상고인겸피상고인】 / 【피고,피상고인】 / 【피고,피상고인겸상고인】","원심판결 중 피고 ◇◇◇ 주식회사에 대한 원고 패소 부분을 파기하고, 이 부분 사건을 서울고등법원에 환송한다. 원고의 피고 △△△쉬핑 주식회사, 주식회사 □□□글로벌에 대한 상고 및 피고 주식회사 □□□글로벌의 상고를 모두 기각한다. 상고비용 중 원고와 피고 △△△쉬핑 주식회사 사이에 생긴 부분은 원고가 부담하고, 원고와 피고 주식회사 □□□글로벌 사이에 "
"622093","20251106","2025다213651","상고각하","유지","False","【원고(재심원고),상고인】 / 【피고(재심피고),피상고인】","상고를 각하한다. 상고비용은 원고(재심원고)가 부담한다."
"622071","20251106","2024다229794","일부파기환송","파기","False","【원고,피상고인겸상고인】 / 【피고,상고인겸피상고인】","원고 8의 상고를 각하한다. 원심판결의 원고 1, 원고 7, 원고 10, 원고 11, 원고 12, 원고 13, 원고 14 패소 부분 중 1인 1차제 근로기간 부분과 원심판결 중 피고 패소 부분을 파기하고, 이 부분 사건을 대구고등법원에 환송한다. 원고 1, 원고 7, 원고 10, 원고 11, 원고 12, 원고 13, 원고 14의 나머지 상고 및 원고 2, "
"622065","20251106","2024다225242","일부파기환송","파기","False","【원고,상고인】 / 【원고,피상고인】 / 【원고,상고인겸피상고인】 / 【피고,피상고인겸상고인】","원심판결 중 원고 1, 원고 2, 원고 3에 대한 부분을 파기하고, 이 부분 사건을 광주고등법원에 환송한다. 원고 5, 원고 6, 원고 7, 원고 8, 원고 9, 원고 10, 원고 11의 상고와 피고의 상고를 모두 기각한다. 상고비용 중 원고 5, 원고 6, 원고 7, 원고 8, 원고 9, 원고 10, 원고 11의 상고로 인한 부분은 위 원고들이, 피고의 "
"622009","20251106","2024다225976","일부파기환송","파기","False","【원고,상고인겸피상고인】 / 【원고,피상고인】 / 【원고,상고인】 / 【피고,피상고인겸상고인】","원심판결 중 원고 1, 원고 2, 원고 3, 원고 4, 원고 5, 원고 6, 원고 8, 원고 9에 대한 부분을 파기하고, 이 부분 사건을 광주고등법원에 환송한다. 피고의 상고를 모두 기각한다. 상고비용 중 피고의 원고 7, 원고 10에 대한 상고로 생긴 부분은 피고가 부담한다."
"613057","20251106","2024다272835","전부파기환송","파기","False","【원고,피상고인】 / 【피고,상고인】","원심판결을 파기하고, 사건을 의정부지방법원에 환송한다."
"618217","20251030","2025다213919, 213920","일부파기환송","파기","False","【원고(반소피고),피상고인】 / 【피고(반소원고),상고인】 / 【피고,상고인】","원심판결 중 본소에 관한 피고(반소원고) 패소 부분을 파기하고, 이 부분 사건을 광주고등법원에 환송한다. 피고(반소원고)의 반소에 대한 상고 및 피고의 상고를 모두 기각한다."
"618189","20251030","2023다206091, 206107","상고기각","유지","False","【원고(반소피고),피상고인】 / 【피고(반소원고),상고인】","상고를 모두 기각한다. 상고비용은 피고(반소원고)가 부담한다."
"618181","20251030","2025다213495","전부파기환송","파기","False","【원고,상고인】 / 【피고,피상고인】","원심판결을 파기하고, 사건을 서울고등법원에 환송한다."
"618153","20251030","2025다212519","전부파기환송","파기","False","【원고,피상고인겸상고인】 / 【피고,상고인겸피상고인】","원심판결을 파기하고, 사건을 서울고등법원에 환송한다."
"612991","20251030","2021다225074, 225081","전부파기환송","파기","False","【원고(반소피고),상고인겸피상고인】 / 【원고(반소피고)6의소송수계신청인】 / 【피고(반소원고),피상고인겸상고인】","원심판결을 파기하고, 사건을 대구고등법원에 환송한다. 원고(반소피고) 6의 소송수계신청인들의 소송수계신청을 기각한다. 소송수계신청비용은 소송수계신청인들이 부담한다."
"612985","20251030","2025다212444","일부파기환송","파기","False","【원고,피상고인】 / 【원고,피상고인겸상고인】 / 【피고,상고인겸피상고인】","원심판결 중 원고 10, 원고 11, 원고 12, 원고 13 패소 부분을 파기하고, 이 부분 사건을 서울고등법원에 환송한다. 피고의 상고를 모두 기각한다. 피고의 원고 10, 원고 11, 원고 12, 원고 13을 제외한 나머지 원고들에 대한 상고로 인한 상고비용은 피고가 부담한다."
"612987","20251023","2021다252977","상고기각","유지","True","【원고,피상고인】 / 【피고,상고인】","상고를 기각한다. 상고비용은 피고가 부담한다."
"618211","20251016","2025다211583","일부파기환송","파기","False","【원고,피상고인겸상고인】 / 【피고,상고인겸피상고인】","원심판결 중 피고 패소 부분을 파기하고, 이 부분 사건을 서울고등법원에 환송한다. 원고들의 상고를 모두 기각한다."
"618203","20251016","2025다213214","전부파기환송","파기","False","【원고,피상고인】 / 【피고,상고인】","원심판결을 파기하고, 사건을 수원지방법원으로 환송한다."
"618197","20251016","2025다213724","일부파기환송","파기","False","【원고,상고인】 / 【피고,피상고인】","원심판결 중 피고 1과 주식회사 ○○○태양광발전소 사이에 원심판결 별지 목록 제1, 3 내지 8, 19항 기재 각 부동산에 관하여 2019. 12. 27. 체결된 근저당권설정계약 관련 원고들 패소 부분을 파기하고, 이 부분 사건을 대구고등법원에 환송한다. 나머지 상고를 기각한다."
"618173","20251016","2024다314227","일부파기환송","파기","False","【원고,상고인겸피상고인】 / 【피고,피상고인겸상고인】","원심판결의 제1 예비적 청구의 양수금 청구 중 원고 패소 부분과 이에 해당하는 제1 예비적 청구의 손해배상 청구 및 제2 예비적 청구 부분을 모두 파기하고, 이 부분 사건을 서울동부지방법원에 환송한다. 원고의 나머지 상고 및 피고의 상고를 모두 기각한다."
"618163","20251016","2025다214630","전부파기환송","파기","False","【원고,피상고인】 / 【피고,상고인】","원심판결을 파기하고, 사건을 수원지방법원에 환송한다."
"618147","20251016","2023다203221, 203238","상고기각","유지","False","【원고(반소피고),피상고인】 / 【원고,피상고인】 / 【피고(반소원고),상고인】","상고를 모두 기각한다. 상고비용은 피고(반소원고)가 부담한다."
"618143","20251016","2022다308747, 308754","상고기각","유지","False","【원고,상고인】 / 【피고,피상고인】","상고를 모두 기각한다. 상고비용은 각자 부담한다."
"612877","20251016","2024다221042","상고기각","유지","False","【원고,피상고인】 / 【피고,상고인】","상고를 기각한다. 상고비용은 피고가 부담한다."
"612871","20251016","2025다212847","전부파기환송","파기","False","【원고,피상고인】 / 【피고,상고인】","원심판결을 파기하고, 사건을 부산지방법원에 환송한다."
"612867","20251016","2025다213056","일부파기환송","파기","False","【원고,피상고인】 / 【피고,상고인】","원심판결 중 피고 패소 부분을 파기하고, 이 부분 사건을 서울서부지방법원에 환송한다."
"612861","20251016","2025다204730","상고기각","유지","False","【원고,상고인】 / 【피고,피상고인】","상고를 모두 기각한다. 상고비용은 원고가 부담한다."
"612859","20251016","2022다212044","상고기각","유지","False","【원고,피상고인】 / 【피고,상고인】","상고를 기각한다. 상고비용은 피고가 부담한다."
"612857","20251016","2023다226170","전부파기환송","파기","False","【원고,피상고인겸상고인】 / 【피고,상고인겸피상고인】","원심판결을 파기하고, 사건을 서울고등법원에 환송한다."
"612855","20251016","2020다225848","일부파기환송","파기","False","【원고,상고인겸피상고인】 / 【피고,피상고인겸상고인】","원심판결 중 이 사건 단순선도환계약에 따른 손실금액의 결제일이 2013. 11. 22. 이전인 부분의 70%에 해당하는 금액에 관한 원고 패소 부분을 파기하고, 이 부분 사건을 서울고등법원에 환송한다. 원고의 나머지 상고와 피고의 상고를 각 기각한다."
"612853","20251016","2019다236385","상고기각","유지","False","【원고,피상고인겸상고인】 / 【피고,상고인겸피상고인】","상고를 모두 기각한다. 상고비용 중 원고들의 상고로 인한 부분은 원고들이, 피고들의 상고로 인한 부분은 피고들이 각 부담한다."
"612849","20251016","2024다215955","일부파기환송","파기","False","【원고,피상고인】 / 【피고,상고인】","원심판결 중 피고들 패소 부분을 파기하고, 이 부분 사건을 서울고등법원에 환송한다."
"612847","20251016","2022다225897","전부파기환송","파기","False","【원고,피상고인】 / 【피고,상고인】","원심판결을 파기하고, 사건을 서울동부지방법원에 환송한다."
"612843","20251016","2025다211105","일부파기환송","파기","False","【원고,상고인】 / 【피고,피상고인】","원심판결의 원고 패소 부분 중 피고 주식회사 △△△산업에 대한 방화문 성능 부족으로 인한 하자보수비 청구 부분을 파기하고, 이 부분 사건을 대전고등법원에 환송한다. 피고 주식회사 △△△산업에 대한 나머지 상고와 피고 주식회사 □□건설에 대한 상고를 각 기각한다. 상고비용 중 원고와 피고 주식회사 □□건설 사이에 생긴 부분은 원고가 부담한다."
"618223","20250926","2023다209106","일부파기환송","파기","True","【원고,상고인】 / 【피고,피상고인】","원심판결의 원고 패소 부분 중 16,052,007원에 대한 2023. 1. 12.부터 다 갚는 날까지의 지연손해금 부분을 파기하고, 이 부분에 대한 피고의 항소를 기각한다. 원심판결의 원고 패소 부분 중 2017년 9월분부터 2018년 2월분까지의 임금 및 이에 대한 지연손해금 부분을 파기하고, 이 부분 사건을 광주지방법원에 환송한다."
"618157","20250926","2025다207883","일부파기환송","파기","False","【원고,피상고인】 / 【피고,상고인】","원심판결 중 피고 패소 부분과 불법행위에 기한 손해배상청구 중 99,600,000원 및 이에 대하여 2023. 10. 4.부터 2024. 6. 20.까지는 연 5%, 그다음 날부터 다 갚는 날까지는 연 12%의 각 비율로 계산한 돈 부분을 파기하고, 이 부분 사건을 부산지방법원에 환송한다."
"618149","20250926","2022다309344","전부파기환송","파기","False","【원고,피상고인】 / 【피고,상고인】","원심판결을 파기하고, 사건을 서울중앙지방법원에 환송한다."
"618141","20250926","2024다308970","일부파기환송","파기","False","【원고,피상고인】 / 【피고,상고인】 / 【피고,상고심당사자】","원심판결을 파기한다. 피고 주택도시보증공사, △△△보험 주식회사에 대한 부분을 서울중앙지방법원에 환송한다. 피고 2에 대한 소송은 제1심판결에 대한 항소기간 만료일인 2022. 2. 16.이 지남으로써 종료되었다."
"618089","20250926","2025다211711","일부파기환송","파기","False","【원고,피상고인】 / 【피고,상고인】 / 【피고,상고심당사자】","원심판결 중 피고 1 패소 부분 및 피고 2, 피고 3, 피고 4, 피고 5, 피고 6에 대한 부분을 파기하고, 이 부분 사건을 서울중앙지방법원에 환송한다."
"618087","20250926","2025다211931","일부파기환송","파기","False","【원고,상고인】 / 【피고,피상고인】","원심판결의 원고 패소 부분 중 109호 건물 손해에 관하여 지급한 보험금 관련 구상금 88,511,227원 및 이에 대한 지연손해금 부분을 파기하고, 이 부분 사건을 서울중앙지방법원에 환송한다. 원고의 나머지 상고를 기각한다."
"609607","20250926","2024다321232, 321249","전부파기환송","파기","False","【원고(반소피고),피상고인】 / 【피고(반소원고),상고인】","원심판결을 파기하고, 사건을 광주고등법원에 환송한다."
"609579","20250926","2022다276369","일부파기환송","파기","False","【원고,피상고인】 / 【피고,상고인】","원심판결 중 피고 패소 부분을 파기하고, 이 부분 사건을 광주고등법원에 환송한다."
"618215","20250925","2025다213314, 213315","파기이송","파기","False","【원고(반소피고),상고인겸부대피상고인】 / 【피고(반소원고),피상고인겸부대상고인】","원심판결을 파기하고, 사건을 서울고등법원에 이송한다."
"618209","20250925","2024다294156","일부파기환송","파기","False","【원고,상고인】 / 【피고,피상고인】","원심판결 중 2018년 1월 설 선물, 2021년 7월 임금인상 소급분, 자녀 입학 축하금에 대한 부분을 파기하고, 이 부분 사건을 울산지방법원에 환송한다. 나머지 상고를 기각한다."
"618201","20250925","2025다212302, 212303","일부파기환송","파기","False","【원고(반소피고),상고인】 / 【피고(반소원고),피상고인】","원심판결의 본소청구 중 원심 별지 기재 선박과 그에 부속된 물품 및 의장품 일체 인도청구 부분을 파기하고, 이 부분 사건을 인천지방법원에 환송한다. 나머지 상고를 기각한다."
"618193","20250925","2025다209886","전부파기환송","파기","False","【원고,피상고인】 / 【피고,상고인】","원심판결을 파기하고, 사건을 부산고등법원에 환송한다."
"618171","20250925","2025다213347","전부파기환송","파기","False","【원고,피상고인】 / 【피고,상고인】","원심판결을 파기하고, 사건을 서울중앙지방법원에 환송한다."
"618145","20250925","2024다320796","전부파기환송","파기","False","【원고,피상고인】 / 【피고,상고인】","원심판결을 파기하고, 사건을 부산지방법원에 환송한다."
"618139","20250925","2025다212890","전부파기환송","파기","False","【원고,피상고인】 / 【피고,상고인】","원심판결을 파기하고, 사건을 수원지방법원에 환송한다."
"618137","20250925","2021다218755","파기자판","파기","False","【원고,피상고인】 / 【피고,상고인】","원심판결 중 원고 1의 근로자지위확인청구 부분을 파기하고, 이 부분에 관한 제1심판결을 취소하며, 이 부분 소를 각하한다. 나머지 상고를 기각한다. 원고 1과 피고 사이에 생긴 소송총비용 및 나머지 원고들과 피고 사이에 생긴 상고비용은 모두 피고가 부담한다."
"618135","20250925","2025다212495","파기자판","파기","True","【원고,피상고인】 / 【피고,상고인】","원심판결을 파기한다. 제1심판결을 취소하고, 이 사건 소를 모두 각하한다. 소송총비용은 각자 부담한다."
"613215","20250925","2024다286933","일부파기환송","파기","False","【원고,상고인겸피상고인】 / 【피고,피상고인겸상고인】","원심판결 중 상계항변에 관한 피고 패소 부분을 파기하고, 이 부분 사건을 창원지방법원에 환송한다. 원고들의 상고 및 피고의 나머지 상고를 모두 기각한다."
"609611","20250925","2025다212804","상고기각","유지","False","【원고,피상고인】 / 【피고,상고인】","상고를 기각한다. 상고비용은 피고가 부담한다."
"609597","20250925","2024다207923","상고기각","유지","False","【원고,피상고인】 / 【피고,상고인】","상고를 모두 기각한다. 상고비용은 피고들이 부담한다."
"609591","20250925","2025다212464","상고기각","유지","False","【원고,피상고인】 / 【피고,상고인】","상고를 기각한다. 상고비용은 피고가 부담한다."
"609583","20250925","2025다212005","일부파기환송","파기","False","【원고,피상고인】 / 【피고,상고인】","원심판결 중 피고 패소 부분을 파기하고, 이 부분 사건을 수원지방법원에 환송한다."
"609581","20250925","2024다254387","일부파기환송","파기","False","【원고,피상고인겸상고인】 / 【피고,상고인겸피상고인】","원심판결 중 피고 3 패소 부분을 파기하고, 이 부분 사건을 서울고등법원에 환송한다. 원고의 상고와 피고 1, 피고 2, 피고 주식회사 ○○○의 상고를 모두 기각한다. 원고와 피고 1, 피고 2, 피고 주식회사 ○○○ 사이의 상고비용 중 원고의 상고로 인한 부분은 원고가 부담하고, 나머지는 그 피고들이 부담한다."
"609571","20250925","2025다213846","일부파기환송","파기","False","【원고,피상고인】 / 【피고,상고인】","원심판결 중 피고 패소 부분과 이에 해당하는 주위적 청구 부분을 파기하고, 이 부분 사건을 부산지방법원에 환송한다."
"609489","20250918","2023다221885","일부파기환송","파기","False","【원고,피상고인】 / 【피고,상고인】","원심판결의 피고들 패소 부분 중 중도상환수수료에 관한 부분을 파기하고, 이 부분 사건을 서울고등법원에 환송한다. 피고들의 나머지 상고를 기각한다."
"618221","20250911","2019다273803","상고기각","유지","False","【원고,피상고인】 / 【피고,상고인】","상고를 모두 기각한다. 상고비용은 피고가 부담한다."
"618219","20250911","2021다248893","파기자판","파기","True","【원고,피상고인】 / 【피고,상고인】","1. 원심판결을 파기하고, 원심에서 변경된 청구를 포함하여 제1심판결을 다음과 같이 변경한다. 가. 이 사건 소송 중 3,210,171원 및 이에 대하여 2016. 1. 1.부터 2020. 9. 8.까지는 연 5%의, 그다음 날부터 다 갚는 날까지는 연 15%의 각 비율로 계산한 돈을 초과하여 지급을 구하는 부분은 2017. 8. 24. 환송 전 원심판결이"
"618207","20250911","2025다211378","일부파기환송","파기","False","【원고,상고인】 / 【피고,피상고인】","원심판결 중 제2예비적 청구에 관한 원고 패소 부분을 파기하고, 이 부분 사건을 수원고등법원에 환송한다. 원고의 주위적 청구 및 제1예비적 청구에 관한 상고를 기각한다."
"618191","20250911","2022다248746","상고기각","유지","False","【원고,피상고인】 / 【피고,상고인】","상고를 기각한다. 상고비용은 피고가 부담한다."
"618187","20250911","2025다207128","전부파기환송","파기","False","【원고,상고인】 / 【피고,피상고인】","원심판결을 파기하고, 사건을 서울중앙지방법원에 환송한다."
"618183","20250911","2025다210915","전부파기환송","파기","False","【원고,상고인】 / 【피고,피상고인】","원심판결을 파기하고, 사건을 서울북부지방법원에 환송한다."
"618167","20250911","2022다283602, 283619","상고기각","유지","False","【원고(병합피고),피상고인】 / 【피고】 / 【피고(병합원고),상고인】","상고를 기각한다. 상고비용은 피고(병합원고) □□□개발 주식회사가 부담한다."
"618151","20250911","2024다297278","일부파기환송","파기","False","【원고,상고인】 / 【피고,피상고인】","원심판결 중 예비적 청구 부분을 파기하고, 이 부분 사건을 대구지방법원에 환송한다. 원고의 나머지 상고를 기각한다."
"618131","20250911","2025다208275","일부파기환송","파기","False","【원고,상고인】 / 【피고,피상고인】","원심판결 중 지료를 구하는 예비적 청구에 관한 부분을 파기하고, 이 부분 사건을 서울중앙지방법원에 환송한다. 원고의 나머지 상고를 기각한다."
"618081","20250911","2025다212423","일부파기환송","파기","False","【원고,피상고인】 / 【피고,상고인】","원심판결의 피고 패소 부분 중 부당이득반환 부분을 파기하고, 이 부분 사건을 대전지방법원에 환송한다. 나머지 상고를 기각한다."
"618079","20250911","2025다205757","상고기각","유지","False","【원고,상고인】 / 【피고,피상고인】","상고를 기각한다. 상고비용은 원고가 부담한다."
"609521","20250911","2025다212338","상고기각","유지","False","【원고,상고인】 / 【피고(탈퇴)】 / 【피고승계참가인,피상고인】","상고를 기각한다. 상고비용은 원고가 부담한다."
"609517","20250911","2025다211120","상고기각","유지","False","【원고,피상고인겸상고인】 / 【피고,상고인겸피상고인】 / 【피고,상고인】","상고를 모두 기각한다. 상고비용 중 원고의 상고로 인한 부분은 원고가, 피고들의 상고로 인한 부분은 피고들이 각 부담한다."
"609481","20250911","2022다283633","상고기각","유지","False","【원고,상고인】 / 【피고,피상고인】","상고를 기각한다. 상고비용은 원고가 부담한다."
"609461","20250911","2024다284418","전부파기환송","파기","False","【원고,피상고인】 / 【피고,상고인】","원심판결을 파기하고, 사건을 창원지방법원에 환송한다."
"615701","20250904","2023다297400","파기자판","파기","False","【원고,상고인】 / 【피고,피상고인】","1. 원심판결을 파기하고, 원심에서 추가된 청구를 포함하여 제1심판결을 다음과 같이 변경한다. 가. 피고 3은, 1) 원심 별지 목록 도면들을 인터넷 홈페이지, 인스타그램, 블로그, 유튜브 등 인터넷에 게재하거나 복제, 배포, 공중송신을 해서는 아니 된다. 2) 원고에게 10,000,000원 및 이에 대하여 2018. 5. 3.부터 2023. 10. 19."
"615691","20250904","2025다213167","전부파기환송","파기","False","【원고,상고인】 / 【피고,피상고인】","원심판결을 파기하고, 사건을 창원지방법원에 환송한다."
"615679","20250904","2025다209756","전부파기환송","파기","False","【원고,피상고인】 / 【피고,상고인】","원심판결을 파기하고, 사건을 인천지방법원에 환송한다."
"615675","20250904","2024다306820","상고기각","유지","False","【원고,피상고인겸상고인】 / 【피고,상고인겸피상고인】","상고를 모두 기각한다. 상고비용 중 원고들의 상고로 생긴 부분은 원고들이, 피고들의 상고로 생긴 부분은 피고들이 각 부담한다."
"615663","20250904","2024다306721","전부파기환송","파기","False","【원고,상고인】 / 【피고(선정당사자),피상고인】","원심판결을 파기하고, 사건을 서울중앙지방법원에 환송한다."
"615659","20250904","2025다211196","일부파기환송","파기","False","【원고,피상고인겸상고인】 / 【피고,상고인】 / 【피고,피상고인】 / 【피고주식회사◇◇◇소송수계신청인】","원심판결 중 피고 주식회사 ◇◇◇ 패소 부분을 파기하고, 이 부분 사건을 서울고등법원에 환송한다. 원고의 상고 및 피고 주식회사 △△△의 상고를 모두 기각한다. 소송수계신청을 각하한다. 상고비용 중 원고의 상고로 생긴 부분은 원고가, 피고 주식회사 △△△의 상고로 생긴 부분은 위 피고가 각 부담한다. 소송수계신청으로 생긴 비용은 소송수계신청인이 부담한다."
"615657","20250904","2022다277607","전부파기환송","파기","False","【원고,상고인】 / 【피고,피상고인】","원심판결을 파기하고, 사건을 대구지방법원에 환송한다."
"615641","20250904","2024다296329","전부파기환송","파기","False","【원고,상고인】 / 【피고,피상고인】","원심판결을 파기하고, 사건을 의정부지방법원에 환송한다."
"615695","20250828","2020다219454, 219461, 219478","일부파기환송","파기","False","【원고,피상고인겸상고인】 / 【피고,상고인겸피상고인】","원심판결 중 원고 15, 원고 24, 원고 25의 퇴직금 증가분 청구를 제외한 나머지 부분을 모두 파기하고, 이 부분 사건을 서울고등법원에 환송한다. 원고 15, 원고 24, 원고 25의 퇴직금 증가분 청구에 관한 상고를 기각한다."
"615651","20250828","2024다326022","전부파기환송","파기","False","【원고,피상고인】 / 【피고,상고인】","원심판결을 파기하고, 사건을 창원지방법원에 환송한다."
"615645","20250828","2023다207834","일부파기환송","파기","False","【원고,피상고인겸상고인】 / 【원고,상고인】 / 【원고,피상고인】 / 【피고,상고인겸피상고인】 / 【피고,상고인】","원심판결 중 원고 29, 원고 72, 원고 104에 대한 부분을 파기하고, 이 부분 사건을 서울고등법원에 환송한다. 원고 29, 원고 72, 원고 104, 원고 23, 원고 57, 원고 65를 제외한 나머지 원고들의 상고와 피고들의 상고를 모두 기각한다. 상고비용 중 원고 29, 원고 72, 원고 104, 원고 23, 원고 57, 원고 65를 제외한 나머지"
"615609","20250828","2025다211475, 211476","일부파기환송","파기","False","【원고(반소피고),피상고인】 / 【피고(반소원고),상고인】","원심판결 중 본소에 관한 부분을 모두 파기하고, 이 부분 사건을 수원고등법원에 환송한다. 나머지 상고를 기각한다."
"615699","20250814","2024다227606, 227620","일부파기환송","파기","False","【원고(반소피고),상고인】 / 【피고(반소원고),피상고인】","원심판결 중 반소에 관한 원고(반소피고) 패소 부분을 파기하고, 이 부분 사건을 인천지방법원에 환송한다. 원고(반소피고)의 본소에 관한 상고를 기각한다."
"615697","20250814","2024다268508","전부파기환송","파기","False","【원고,피상고인】 / 【피고,상고인】","원심판결을 파기하고, 사건을 의정부지방법원에 환송한다."
"615693","20250814","2022다227114, 227121","일부파기환송","파기","False","【원고,피상고인】 / 【피고,상고인】","원심판결 중 피고 패소 부분을 파기하고, 이 부분 사건을 대전고등법원에 환송한다."
"615685","20250814","2023다247450","상고기각","유지","False","【원고,상고인】 / 【피고,피상고인】","상고를 기각한다. 상고비용은 원고가 부담한다."
"615683","20250814","2024다312559","전부파기환송","파기","False","【원고,피상고인】 / 【피고,상고인】","원심판결을 파기하고, 사건을 서울중앙지방법원에 환송한다."
"615681","20250814","2024다296213","일부파기환송","파기","False","【원고,상고인】 / 【피고,피상고인】","원심판결 중 예비적 청구 부분을 파기하고, 이 부분 사건을 서울고등법원에 환송한다. 나머지 상고를 기각한다."
"615677","20250814","2024다228449","상고기각","유지","False","【원고,피상고인겸상고인】 / 【피고,상고인겸피상고인】","상고를 모두 기각한다. 상고비용 중 원고의 상고로 인한 부분은 원고가, 피고들의 상고로 인한 부분은 피고들이 각 부담한다."
"615673","20250814","2024다326749","상고기각","유지","True","【원고,상고인】 / 【피고,피상고인】","상고를 모두 기각한다. 상고비용은 원고가 부담한다."
"615661","20250814","2025다211505","일부파기환송","파기","False","【원고,피상고인】 / 【피고,상고인】","원심판결 중 피고들 패소 부분을 파기하고, 이 부분 사건을 서울중앙지방법원에 환송한다."
"615655","20250814","2025다211608, 211609","일부파기환송","파기","False","【원고(반소피고,선정당사자),피상고인겸상고인】 / 【피고(반소원고,선정당사자),상고인겸피상고인】","원심판결 중 본소 부분을 파기하고 이 부분 사건을 대전지방법원에 환송한다. 피고(반소원고, 선정당사자)의 상고를 기각한다."
"615653","20250814","2025다210535, 210536, 210537","일부파기환송","파기","False","【원고(반소피고),상고인겸피상고인】 / 【피고(반소원고),피상고인겸상고인】","원심판결 중 본소청구 부분을 파기하고, 이 부분 사건을 광주지방법원에 환송한다."
"615647","20250814","2025다211273","전부파기환송","파기","False","【원고,상고인】 / 【피고,피상고인】","원심판결을 파기하고, 사건을 부산지방법원에 환송한다."
"615643","20250814","2022다228230","일부파기환송","파기","False","【원고,상고인겸피상고인】 / 【피고,피상고인겸상고인】","원심판결의 피고 패소 부분 중 매매를 원인으로 한 소유권이전등기청구와 인도청구 부분을 파기하고, 이 부분 사건을 서울고등법원에 환송한다. 원고의 상고를 기각한다."
"615639","20250814","2024다301832","일부파기환송","파기","False","【원고,상고인】 / 【피고,피상고인】","원심판결 중 원고 패소 부분을 파기하고, 이 부분 사건을 서울중앙지방법원에 환송한다."
"615607","20250814","2025다209930","전부파기환송","파기","False","【원고,피상고인】 / 【피고,상고인】","원심판결을 파기하고, 사건을 서울동부지방법원에 환송한다."
"608535","20250814","2023다271033","전부파기환송","파기","False","【원고,피상고인】 / 【피고,상고인】","원심판결을 파기하고, 사건을 서울중앙지방법원에 환송한다."
"608529","20250814","2024다236754","상고기각","유지","False","【원고,상고인】 / 【피고,피상고인】","상고를 기각한다.상고비용은 원고가 부담한다."
"608527","20250814","2023다309679","전부파기환송","파기","False","【원고,상고인】 / 【피고,피상고인】","원심판결을 파기하고, 사건을 서울남부지방법원에 환송한다."
"608507","20250814","2022다291153","일부파기환송","파기","False","【원고,피상고인】 / 【피고,상고인】","원심판결 중 피고 패소 부분을 파기하고, 이 부분 사건을 부산고등법원에 환송한다."
"608505","20250814","2023다216777","일부파기환송","파기","False","【원고,상고인겸피상고인】 / 【원고,피상고인】 / 【피고,피상고인겸상고인】","원심판결 중 피고 패소 부분을 파기하고, 이 부분 사건을 서울고등법원에 환송한다. 원고들의 상고를 모두 기각한다."
"608491","20250814","2025다209932, 209933","상고기각","유지","False","【원고(반소피고),피상고인】 / 【피고(반소원고),상고인】","상고를 모두 기각한다. 상고비용은 피고(반소원고)가 부담한다."
"608481","20250814","2024다270860","일부파기환송","파기","False","【원고,피상고인겸상고인】 / 【피고,상고인겸피상고인】","원심판결 중 원고 패소 부분을 파기하고, 이 부분 사건을 서울고등법원에 환송한다. 피고들의 상고를 모두 기각한다."
"608479","20250814","2023다294180","상고기각","유지","False","【원고,피상고인겸상고인】 / 【피고,상고인겸피상고인】","상고를 모두 기각한다. 상고비용 중 원고의 상고로 인한 부분은 원고가, 피고들의 상고로 인한 부분은 피고들이 각 부담한다."
"608469","20250814","2024다305384","전부파기환송","파기","False","【원고,피상고인】 / 【피고,상고인】","원심판결을 파기하고, 사건을 의정부지방법원에 환송한다."
"608467","20250814","2024다242223","전부파기환송","파기","False","【원고,피상고인】 / 【피고,상고인】","원심판결을 파기하고, 사건을 서울동부지방법원에 환송한다."
"608455","20250814","2025다212297","전부파기환송","파기","False","【원고,상고인】 / 【피고,피상고인】","원심판결을 파기하고, 사건을 의정부지방법원에 환송한다."
"608447","20250814","2024다289680","전부파기환송","파기","False","【원고,피상고인】 / 【피고,상고인】","원심판결을 파기하고, 사건을 서울중앙지방법원에 환송한다."
"608445","20250814","2021다220628","전부파기환송","파기","False","【원고,상고인】 / 【피고,피상고인】","원심판결을 파기하고, 사건을 서울고등법원에 환송한다."
"608433","20250814","2023다316363","전부파기환송","파기","False","【원고,피상고인】 / 【피고,상고인】","원심판결을 파기하고, 사건을 수원지방법원에 환송한다."
"608419","20250814","2024다292679","전부파기환송","파기","False","【원고,상고인】 / 【피고,피상고인】","원심판결을 파기하고, 사건을 서울중앙지방법원에 환송한다."
"607827","20250724","2023다240299","일부파기환송","파기","False","【원고,상고인】 / 【피고,피상고인】","원심판결 중 원고 패소 부분을 파기하고, 이 부분 사건을 인천지방법원에 환송한다."
"614327","20250718","2024다287080","전부파기환송","파기","False","【원고,상고인】 / 【피고,피상고인】","원심판결을 파기하고, 사건을 수원고등법원에 환송한다."
"614321","20250718","2020다263758","일부파기환송","파기","False","【원고,피상고인】 / 【피고,상고인】 / 【피고】","원심판결 중 피고 ○○○코리아 주식회사의 패소 부분과 나머지 피고들에 대한 부분을 파기하고, 이 부분 사건을 서울중앙지방법원에 환송한다."
"614315","20250718","2023다286257","전부파기환송","파기","False","【원고,상고인】 / 【피고,피상고인】","원심판결을 파기하고, 사건을 의정부지방법원에 환송한다."
"614313","20250718","2023다204545","일부파기환송","파기","False","【원고,상고인】 / 【피고,피상고인】","원심판결 중 예비적 청구 부분을 파기하고, 이 부분 사건을 부산고등법원에 환송한다."
"614307","20250718","2023다264530, 264547","전부파기환송","파기","False","【원고(반소피고),상고인】 / 【피고(반소원고),피상고인】","원심판결을 파기하고, 사건을 수원지방법원에 환송한다."
"607843","20250718","2022다257238","일부파기환송","파기","False","【원고,상고인겸피상고인】 / 【피고,피상고인겸상고인】","원심판결의 피고 패소 부분 중 미납입 부담금 청구 부분을 파기하고, 이 부분 사건을 부산고등법원에 환송한다. 원고의 상고와 피고의 나머지 상고를 모두 기각한다."
"607833","20250718","2025다210676","상고기각","유지","False","【원고,상고인】 / 【피고,피상고인】","상고를 기각한다. 상고비용은 원고가 부담한다."
"607791","20250718","2024다210554","전부파기환송","파기","False","【원고,피상고인】 / 【피고,상고인】","원심판결을 파기하고, 사건을 서울고등법원에 환송한다."
"607789","20250718","2022다311736","일부파기환송","파기","False","【원고,상고인】 / 【피고,피상고인】","원심판결 중 위약벌 공제로 인한 원고 패소 부분을 파기하고, 이 부분 사건을 서울고등법원에 환송한다. 원고의 나머지 상고를 기각한다."
"614309","20250717","2022다231717","전부파기환송","파기","False","【원고,피상고인】 / 【피고,상고인】","원심판결을 파기하고, 사건을 수원지방법원에 환송한다."
"607839","20250717","2024다282498","전부파기환송","파기","False","【원고,피상고인】 / 【피고,상고인】","원심판결을 파기하고, 사건을 서울중앙지방법원에 환송한다."
"607837","20250717","2023다318420","상고기각","유지","False","【원고,피상고인】 / 【피고,상고인】","상고를 기각한다. 상고비용은 피고가 부담한다."
"607835","20250717","2024다209783","전부파기환송","파기","False","【원고,상고인】 / 【피고,피상고인】","원심판결을 파기하고, 사건을 부산고등법원에 환송한다."
"607785","20250717","2021다308108","일부파기환송","파기","False","【원고,피상고인】 / 【피고,상고인】","원심판결 중 피고들 패소 부분을 파기하고, 이 부분 사건을 서울고등법원에 환송한다."
"614325","20250716","2025다210870","일부파기환송","파기","False","【원고,피상고인】 / 【피고,상고인】","원심판결 중 피고 패소 부분을 파기하고, 이 부분 사건을 서울남부지방법원에 환송한다."
"614039","20250716","2025다211156","전부파기환송","파기","False","【원고,상고인】 / 【피고,피상고인】 / 【피고,상고심당사자】","원심판결을 파기하고, 사건을 서울중앙지방법원에 환송한다."
"614329","20250703","2023다219752","전부파기환송","파기","False","【원고,상고인】 / 【피고,피상고인】","원심판결을 파기하고, 사건을 서울남부지방법원에 환송한다."
"614323","20250703","2025다200820","상고기각","유지","False","【원고(선정당사자),피상고인】 / 【피고,상고인】","상고를 기각한다. 상고비용은 피고가 부담한다."
"614319","20250703","2025다210352","전부파기환송","파기","False","【원고,피상고인】 / 【피고,상고인】","원심판결을 파기하고, 사건을 창원지방법원에 환송한다."
"614317","20250703","2025다211151","전부파기환송","파기","False","【원고,상고인】 / 【피고,피상고인】","원심판결을 파기하고, 사건을 서울중앙지방법원에 환송한다."
"614311","20250703","2024다314845, 314852","일부파기환송","파기","False","【원고(반소피고),피상고인】 / 【피고(반소원고),상고인】 / 【피고,상고인】","원심판결 중 본소에 관한 피고(반소원고) 주식회사 ○○○와 피고 2 패소 부분과 반소 부분을 파기하고, 이 부분 사건을 서울중앙지방법원에 환송한다."
"613263","20250626","2024다316391","상고기각","유지","False","【원고,피상고인겸상고인】 / 【피고,상고인겸피상고인】 / 【피고,피상고인】","원고들 및 피고 1, 피고 2, 피고 3의 상고를 모두 기각한다. 상고비용 중 원고들의 상고로 생긴 부분은 원고들이, 피고 1, 피고 2, 피고 3의 상고로 생긴 부분은 위 피고들이 각 부담한다."
"613251","20250626","2025다210853, 210854","전부파기환송","파기","False","【원고(반소피고),피상고인】 / 【피고(반소원고),상고인】","원심판결을 파기하고, 사건을 광주고등법원에 환송한다."
"613243","20250626","2022다278501","전부파기환송","파기","False","【원고,상고인】 / 【피고,피상고인】","원심판결을 파기하고, 사건을 부산고등법원에 환송한다."
"613233","20250626","2022다207141","상고기각","유지","False","【원고,상고인】 / 【피고,피상고인】","상고를 기각한다. 상고비용은 원고가 부담한다."
"613217","20250626","2023다252551","전부파기환송","파기","False","【원고,상고인】 / 【피고,피상고인】","원심판결을 파기하고, 사건을 서울고등법원에 환송한다."
"613179","20250626","2023다231738","일부파기환송","파기","False","【원고,피상고인】 / 【피고,상고인】","원심판결 중 피고 패소 부분을 파기하고, 이 부분 사건을 수원지방법원에 환송한다."
"613175","20250626","2025다210788","일부파기환송","파기","False","【원고,피상고인겸상고인】 / 【피고,상고인겸피상고인】","원심판결 중 원고 패소 부분을 파기하고, 이 부분 사건을 서울중앙지방법원에 환송한다. 피고의 상고를 기각한다."
"607301","20250626","2025다205399, 205405","일부파기환송","파기","False","【원고(반소피고),피상고인】 / 【피고(반소원고),상고인】","원심판결 중 피고(반소원고) 패소 부분을 파기하고, 이 부분 사건을 서울고등법원에 환송한다."
"607297","20250626","2025다209673, 209674","상고기각","유지","False","【원고(반소피고),피상고인】 / 【피고(반소원고),상고인】","상고를 기각한다. 상고비용은 피고(반소원고)가 부담한다."
"607247","20250626","2024다326541","상고기각","유지","False","【원고,상고인】 / 【피고,피상고인】","상고를 기각한다. 상고비용은 원고가 부담한다."
"607241","20250626","2022다242649","일부파기환송","파기","False","【원고,상고인】 / 【피고,피상고인】","원심판결 중 피고의 2017. 6. 28. 발언 및 2016. 11. 24. 발언에 관한 부분을 파기하고, 이 부분 사건을 서울남부지방법원에 환송한다. 원고의 나머지 상고를 기각한다."
"607231","20250626","2025다209893, 209894","일부파기환송","파기","False","【원고(반소피고),상고인】 / 【피고(반소원고),피상고인】","원심판결의 반소에 관한 원고(반소피고)들 패소 부분 중 연체료 지급 부분을 파기하고, 이 부분 사건을 부산고등법원에 환송한다. 나머지 상고를 기각한다."
"607227","20250626","2024다243592","상고기각","유지","False","【원고,상고인】 / 【피고,피상고인】","상고를 기각한다. 상고비용은 원고가 부담한다."
"607205","20250626","2023다297141","일부파기환송","파기","False","【원고,상고인】 / 【피고,피상고인】","원심판결의 원고 패소 부분 중 일실수입 상당의 손해배상청구 부분에 해당하는 8,200,000원과 이에 대한 지연손해금 부분을 파기하고, 이 부분 사건을 서울중앙지방법원에 환송한다."
"613255","20250612","2025다209711","일부파기환송","파기","False","【원고,피상고인】 / 【피고,상고인】","원심판결 중 피고들 패소 부분을 파기하고, 이 부분 사건을 서울고등법원에 환송한다."
"613211","20250612","2025다203058","전부파기환송","파기","False","【원고,상고인】 / 【피고,피상고인】","원심판결을 파기하고, 사건을 서울중앙지방법원에 환송한다."
"613185","20250612","2025다210153","파기자판","파기","False","【원고,상고인】 / 【피고,피상고인】","원심판결을 파기한다. 제1심판결을 취소하고, 이 사건 소를 각하한다. 소송총비용은 원고가 부담한다."
"613163","20250612","2024다311457","일부파기환송","파기","False","【원고,피상고인】 / 【피고,상고인】","원심판결 중 피고 패소 부분을 파기하고, 이 부분 사건을 대전지방법원에 환송한다."
"613159","20250612","2025다210005, 210006","일부파기환송","파기","False","【원고(반소피고),피상고인】 / 【피고(반소원고),상고인】","원심판결의 본소청구 중 2023. 4. 14. 이후 기간에 관한 부당이득반환청구 부분을 파기하고, 이 부분 사건을 서울중앙지방법원에 환송한다. 나머지 상고를 기각한다."
"613157","20250612","2025다210307, 210308","상고기각","유지","False","【원고(반소피고),피상고인】 / 【피고(반소원고),상고인】","상고를 기각한다. 상고비용은 피고(반소원고)가 부담한다."
"606831","20250612","2020다219577","상고기각","유지","False","【원고,피상고인】 / 【피고,상고인】","상고를 기각한다. 상고비용은 피고가 부담한다."
"606827","20250612","2024다288915","일부파기환송","파기","False","【원고,상고인】 / 【피고,피상고인】","원심판결 중 원고 패소 부분을 파기하고 이 부분 사건을 서울고등법원에 환송한다."
"606821","20250612","2021다256696, 256702","상고기각","유지","False","【원고,피상고인겸상고인】 / 【원고공동소송참가인,피상고인겸상고인】 / 【피고,상고인겸피상고인】","상고를 모두 기각한다. 상고비용 중 원고들의 상고로 인한 부분은 원고들이, 원고공동소송참가인들의 상고로 인한 부분은 원고공동소송참가인들이, 피고의 상고로 인한 부분은 피고가 각각 부담한다."
"606819","20250612","2024다216743","전부파기환송","파기","False","【원고,상고인】 / 【피고,피상고인】","원심판결을 파기하고, 사건을 수원고등법원에 환송한다."
"606817","20250612","2025다209645","상고기각","유지","False","【원고,피상고인】 / 【피고,상고인】","상고를 모두 기각한다. 상고비용은 피고가 부담한다."
"606813","20250612","2022다279788","전부파기환송","파기","False","【원고,상고인】 / 【피고,피상고인】","원심판결을 파기하고, 사건을 수원고등법원에 환송한다."
"606789","20250612","2022다247378","일부파기환송","파기","False","【원고,피상고인】 / 【피고,상고인】","원심판결 중 피고 패소 부분과 이에 해당하는 구상금청구 부분을 파기하고, 이 부분 사건을 서울남부지방법원에 환송한다."
"606765","20250612","2024다315527, 315534","일부파기환송","파기","False","【원고(반소피고),상고인겸피상고인】 / 【피고(반소원고),피상고인겸상고인】 / 【피고,피상고인】","원심판결 중 반소에 관한 부분을 파기하고, 이 부분 사건을 대전고등법원에 환송한다. 원고(반소피고)의 상고를 모두 기각한다. 상고비용 중 원고(반소피고)의 피고 2에 대한 상고로 인한 부분은 원고(반소피고)가 부담한다."
