id,caseNo,date,actual_label,actual_binary
"618697","2025다219495","20260402","상고기각","유지"
"615973","2025다211537, 211538","20260108","상고기각","유지"
"622247","2026다200365","20260529","상고기각","유지"
"621979","2025다211405","20260514","상고기각","유지"
"614341","2025다212863","20251211","전부파기환송","파기"
"616499","2022다214040","20260122","파기자판","파기"
"622969","2025다219693","20260625","전부파기환송","파기"
"618693","2025다214169","20260402","전부파기환송","파기"
"613239","2024다228630","20251204","일부파기환송","파기"
"622261","2024다208261","20260529","전부파기환송","파기"
