id,round,generator,review_chars,independent_chars,has_2nd,has_1st,auto_revisions,hard_remaining,soft_flags,input_tokens,output_tokens
"616249","1","deepseek:deepseek-flash","2298","1883","true","true","1","","","31053","15348"
"616497","1","reconstructed_from_published_docs","1719","1295","","","0","","","",""
"617151","1","reconstructed_from_published_docs","1305","1016","","","0","","","",""
"618667","1","reconstructed_from_published_docs","1890","1548","","","0","","","",""
"618695","1","reconstructed_from_published_docs","1503","1181","","","0","","","",""
"620419","1","deepseek:deepseek-flash","1860","1173","true","true","0","","법인 상호","8526","16499"
"620463","1","reconstructed_from_published_docs","1597","1221","","","0","","","",""
"621985","1","reconstructed_from_published_docs","1491","1089","","","0","","","",""
"622917","1","reconstructed_from_published_docs","1624","1274","","","0","","","",""
"622945","1","reconstructed_from_published_docs","1659","1652","","","0","","","",""
"613169","2","reconstructed_from_published_docs","1915","1534","","","0","","","",""
"614333","2","reconstructed_from_published_docs","1677","1146","","","0","","","",""
"616029","2","reconstructed_from_published_docs","2505","2005","","","0","","","",""
"616517","2","reconstructed_from_published_docs","2131","1748","","","0","","","",""
"617157","2","reconstructed_from_published_docs","1944","1559","","","0","","","",""
"617163","2","reconstructed_from_published_docs","1661","1475","","","0","","","",""
"618155","2","reconstructed_from_published_docs","1395","1218","","","0","","","",""
"618185","2","reconstructed_from_published_docs","1755","1447","","","0","","","",""
"618533","2","reconstructed_from_published_docs","1863","1300","","","0","","","",""
"622961","2","reconstructed_from_published_docs","1640","1345","","","0","","","",""
"613167","3","deepseek:deepseek-flash","1696","1317","true","true","0","","","14528","14775"
"615767","3","deepseek:deepseek-flash","2414","1989","true","true","0","","","9359","16965"
"616709","3","deepseek:deepseek-flash","1548","1099","true","true","0","","","7745","10226"
"617165","3","deepseek:deepseek-flash","3021","2600","true","true","0","","주소·지번","20332","14159"
"617169","3","deepseek:deepseek-flash","2986","2470","true","false","0","","","14973","13078"
"618541","3","deepseek:deepseek-flash","2585","2133","true","true","0","","주소·지번","9748","12975"
"619429","3","deepseek:deepseek-flash","1862","1252","true","true","0","","주소·지번","12142","7393"
"619445","3","deepseek:deepseek-flash","2643","2126","true","true","0","","주소·지번","10981","16279"
"620451","3","deepseek:deepseek-flash","2391","2029","true","true","2","","주소·지번","100329","25136"
"622919","3","deepseek:deepseek-flash","1930","1371","true","true","0","","주소·지번","8512","15639"
"613237","4","deepseek:deepseek-flash","1979","1782","true","false","0","","주소·지번","15119","13608"
"614385","4","deepseek:deepseek-flash","3199","2573","true","true","0","","주소·지번","17955","23286"
"615947","4","deepseek:deepseek-flash","2234","1778","true","true","0","","주소·지번","12994","12107"
"616235","4","deepseek:deepseek-flash","1997","1723","true","true","0","","","9069","7580"
"617161","4","deepseek:deepseek-flash","2877","2159","true","true","0","","","21806","21129"
"618511","4","deepseek:deepseek-flash","2672","2124","true","false","1","","","51506","20010"
"618665","4","deepseek:deepseek-flash","2442","1926","true","true","0","","","9898","11501"
"620411","4","deepseek:deepseek-flash","2700","2162","true","true","0","","주소·지번","26147","21343"
"621987","4","deepseek:deepseek-flash","1855","1356","true","false","0","","","6783","10431"
"623067","4","deepseek:deepseek-flash","1683","1235","true","true","0","","주소·지번","10226","11573"
"613189","5","deepseek:deepseek-flash","2223","1583","true","false","0","","주소·지번","6682","19116"
"613241","5","deepseek:deepseek-flash","2358","1974","true","false","0","","","8709","11856"
"618199","5","deepseek:deepseek-flash","2427","2000","true","false","1","","주소·지번","61711","17018"
"618507","5","deepseek:deepseek-flash","2570","2025","true","true","0","","법원명","29620","13173"
"619451","5","deepseek:deepseek-flash","2657","2171","true","false","0","","","11890","12550"
"620421","5","deepseek:deepseek-flash","1594","872","true","true","0","","","7275","15691"
"622111","5","deepseek:deepseek-flash","2236","1638","true","true","0","","","30311","17363"
"622255","5","deepseek:deepseek-flash","2239","1892","true","true","0","","주소·지번","7545","24624"
"622971","5","deepseek:deepseek-flash","2242","1732","true","false","0","","","7898","9781"
"622983","5","deepseek:deepseek-flash","2440","1892","true","true","0","","이유 있다/없다,주소·지번","18198","20559"
"613239","6","deepseek:deepseek-flash","2591","2220","true","true","0","","주소·지번","39153","11875"
"614341","6","deepseek:deepseek-flash","1583","1131","true","false","0","","","6029","6361"
"615973","6","deepseek:deepseek-flash","3327","2758","true","true","0","","주소·지번","35449","17920"
"616499","6","deepseek:deepseek-flash","2253","1780","true","true","0","","","35311","11277"
"618693","6","deepseek:deepseek-flash","1732","1354","true","true","0","","법원명","18620","12177"
"618697","6","deepseek:deepseek-flash","2550","2243","true","true","0","","주소·지번","48444","13902"
"621979","6","deepseek:deepseek-flash","2088","1552","true","false","0","","","6236","17543"
"622247","6","deepseek:deepseek-flash","2178","1781","true","false","0","","","11335","15992"
"622261","6","deepseek:deepseek-flash","2462","2032","true","true","0","","법원명","14533","12845"
"622969","6","deepseek:deepseek-flash","1910","1421","true","true","0","","","13023","13323"
"614371","7","deepseek:deepseek-flash","2355","1510","true","false","0","","","11515","19054"
"614373","7","deepseek:deepseek-flash","1913","1372","true","true","0","","","52595","16093"
"615963","7","deepseek:deepseek-flash","2814","2111","true","false","2","검토용 개요에 결론 관련 표현(주문) / 독립용 개요에 결론 관련 표현(주문)","주문","76670","23150"
"615971","7","deepseek:deepseek-flash","2618","2069","true","false","0","","이유 있다/없다,법인 상호,주소·지번","10573","15425"
"618663","7","deepseek:deepseek-flash","1457","1163","true","true","0","","주소·지번","76840","10714"
"619453","7","deepseek:deepseek-flash","2850","2223","true","false","0","","","36433","17415"
"619461","7","deepseek:deepseek-flash","2663","2149","true","true","0","","","9170","13884"
"619471","7","deepseek:deepseek-flash","2186","1696","true","true","0","","","12440","13841"
"621995","7","deepseek:deepseek-flash","2892","2346","true","true","0","","","17212","17203"
"622253","7","deepseek:deepseek-flash","2381","2002","true","true","0","","법원명,주소·지번","14340","12835"
"613235","8","deepseek:deepseek-flash","2151","1583","true","false","0","","주소·지번","8370","8081"
"613261","8","deepseek:deepseek-flash","2385","1778","true","true","0","","","24122","7771"
"614049","8","deepseek:deepseek-flash","3264","2782","true","true","0","","주소·지번","50054","47636"
"615953","8","deepseek:deepseek-flash","2559","2177","true","true","0","","주소·지번","17850","10936"
"616575","8","deepseek:deepseek-flash","2264","2175","true","false","0","","","17311","12275"
"616587","8","deepseek:deepseek-flash","1987","1557","true","true","0","","","19449","14986"
"620415","8","deepseek:deepseek-flash","3151","2527","true","true","0","","주소·지번","19438","20717"
"620425","8","deepseek:deepseek-flash","3716","3006","true","true","0","","주소·지번","41730","14402"
"620453","8","deepseek:deepseek-flash","2878","2406","true","false","0","","","37734","18906"
"623013","8","deepseek:deepseek-flash","1986","1524","true","true","0","","주소·지번","9252","10184"
"613207","9","deepseek:deepseek-flash","2613","2091","true","false","0","","주소·지번","13932","18833"
"615667","9","deepseek:deepseek-flash","2367","1883","true","true","0","","","17120","16638"
"616515","9","deepseek:deepseek-flash","2458","1729","true","true","0","","","14993","21875"
"616543","9","deepseek:deepseek-flash","2116","1719","true","true","0","","주소·지번","30204","12251"
"618075","9","deepseek:deepseek-flash","1631","1094","true","true","1","","법인 상호","15447","15761"
"618133","9","deepseek:deepseek-flash","3082","2431","true","false","0","","주소·지번","21678","18804"
"618165","9","deepseek:deepseek-flash","2147","1713","true","true","2","검토용 개요에 보도·알려진 정도 서술: ""보도"" / 독립용 개요에 보도·알려진 정도 서술: ""보도""","","81818","23122"
"618705","9","deepseek:deepseek-flash","1867","1341","true","true","0","","","6634","10838"
"621907","9","deepseek:deepseek-flash","2039","1576","true","false","0","","","12927","12636"
"623025","9","deepseek:deepseek-flash","2592","2039","true","true","0","","","69772","61238"
"615951","10","deepseek:deepseek-flash","3177","2757","true","true","0","","주소·지번","17570","15295"
"616519","10","deepseek:deepseek-flash","1873","1344","true","true","0","","법인 상호","8671","10157"
"616527","10","deepseek:deepseek-flash","2624","2344","true","true","0","","","66979","14006"
"618179","10","deepseek:deepseek-flash","1840","1364","true","true","0","","주소·지번","15370","8555"
"618229","10","deepseek:deepseek-flash","2083","1546","true","true","0","","법원명","38557","14378"
"618479","10","deepseek:deepseek-flash","2379","1829","true","true","1","","","36053","16610"
"618661","10","deepseek:deepseek-flash","2592","1938","true","true","0","","","9465","9144"
"621973","10","deepseek:deepseek-flash","2138","1554","true","true","0","","","14231","11233"
"621989","10","deepseek:deepseek-flash","2892","2600","true","true","0","","법인 상호,주소·지번","17217","17350"
"622259","10","deepseek:deepseek-flash","1809","1410","true","false","0","","법원명","10160","20200"